"","Year","sets","BUM","lat","lon","hbf","season"
"1",1990,2,0,-3,-14,3,1
"2",1990,19,15,-8.5,-12.5,3,1
"3",1990,22,7,-33.5,-51.5,3,2
"4",1990,5,2,-32.5,-51.5,3,2
"5",1990,9,0,-36.5,-11.5,3,3
"6",1990,7,0,-26.5,14.5,3,3
"7",1991,2,0,-27,5.5,3,1
"8",1991,1,0,-34.5,17.5,3,1
"9",1991,3,0,-35.5,0.5,3,1
"10",1991,4,1,-31,13,3,2
"11",1991,3,0,-32.5,-36.5,3,3
"12",1991,20,0,-38.5,-3,3,3
"13",1991,11,1,-31.5,11.5,3,3
"14",1992,6,0,-16.5,8.5,3,4
"15",1992,1,0,-27.5,-12.5,3,1
"16",1992,23,4,-26.5,1.5,3,1
"17",1992,3,0,-18.5,2.5,3,3
"18",1993,1,0,-20.5,0.5,3,2
"19",1993,1,1,-31.5,0.5,3,2
"20",1993,8,0,-37.5,12,3,2
"21",1993,4,0,-8,2,3,2
"22",1993,3,0,-27.5,11.5,3,3
"23",1993,28,0,-36.5,-7.5,3,3
"24",1994,3,0,-35.5,-39.5,3,2
"25",1994,21,2,-33.5,7.5,3,2
"26",1994,5,2,-16.5,2.5,3,2
"27",1994,7,1,-31.5,7.5,3,2
"28",1994,2,0,-35.5,2.5,3,3
"29",1995,2,0,-4,-12,3,2
"30",1996,20,34,-7.5,-18.5,3,1
"31",1996,7,0,-33.5,16.5,3,4
"32",1996,20,14,-9.5,-17,3,4
"33",1996,20,18,-7.5,-17,3,4
"34",1996,20,6,-19.5,3.5,3,4
"35",1996,4,1,-5.5,-0.5,3,4
"36",1996,20,3,-13.5,3.5,3,1
"37",1996,20,0,-40.5,8.5,3,2
"38",1996,20,0,-44.5,3.5,3,2
"39",1996,20,0,-41.5,4.5,3,2
"40",1996,20,0,-19.5,10.5,3,3
"41",1997,20,20,-8.5,-14.5,3,1
"42",1997,20,5,-6.5,-8.5,3,2
"43",1997,42,1,-17.5,10.5,3,3
"44",1998,20,1,-16.5,6.5,3,4
"45",1998,20,1,-15.5,6.5,3,4
"46",1998,20,0,-19.5,9.5,3,4
"47",1998,20,0,-18.5,6.5,3,4
"48",1998,2,0,-22.5,2.5,3,4
"49",1998,4,0,-23,1.5,3,2
"50",1998,20,0,-43.5,0.5,3,2
"51",1998,20,0,-40.5,1.5,3,2
"52",1998,20,0,-40.5,3.5,3,2
"53",1998,20,0,-44.5,4.5,3,2
"54",1998,11,0,-47.5,16.5,3,2
"55",1998,20,0,-16.5,10.5,3,3
"56",1998,20,1,-15.5,7,3,3
"57",1999,20,2,-6.5,-1.5,3,1
"58",1999,20,3,-8.5,-2.5,3,1
"59",1999,1,0,-35.5,17.5,3,4
"60",1999,20,2,-9.5,0.5,3,4
"61",1999,20,3,-5.5,3.5,3,4
"62",1999,20,10,-13.5,-8.5,3,1
"63",1999,20,0,-43.5,-3.5,3,2
"64",1999,20,0,-41.5,-2.5,3,2
"65",1999,20,24,-9.5,-21.5,3,2
"66",1999,17,3,-7.5,-3.5,3,3
"67",1999,13,0,-36.5,12.5,3,3
"68",1999,20,0,-29.5,7.5,3,3
"69",2000,12,1,-32.5,-48.5,3,4
"70",2000,34,21,-2.5,-27.5,3,4
"71",2000,14,1,-0.5,-1.5,3,4
"72",2000,6,0,-15.5,9.5,3,2
"73",2000,20,0,-43.5,9.5,3,2
"74",2000,20,0,-42.5,7.5,3,2
"75",2000,20,0,-40.5,6.5,3,2
"76",2000,20,0,-44.5,8.5,3,2
"77",2001,20,1,-4.5,-3.5,3,1
"78",2002,30,10,-2.5,-7.5,3,1
"79",2002,20,1,-12.5,7.5,3,4
"80",2002,20,1,-17.5,6.5,3,4
"81",2002,20,0,-16.5,6.5,3,4
"82",2003,20,0,-7.5,1.5,3,1
"83",2003,20,1,-19.5,6.5,3,4
"84",2003,20,0,-16.5,8.5,3,4
"85",2003,20,1,-18.5,6.5,3,4
"86",2003,20,1,-18.5,7.5,3,4
"87",2003,20,0,-15.5,6.5,3,4
"88",2003,20,0,-15.5,7.5,3,4
"89",2003,20,1,-15.5,8.5,3,4
"90",2003,53,2,-7.5,10.5,3,4
"91",2003,20,2,-9.5,-2.5,3,1
"92",2003,20,1,-7.5,-1.5,3,1
"93",2003,20,15,-8.5,-12.5,3,1
"94",2003,20,2,-9.5,-1.5,3,1
"95",2003,13,4,-1.5,-22.5,3,2
"96",2003,4,2,-19,-4,3,3
"97",2003,3,0,-8.5,8.5,3,3
"98",2004,20,8,-9.5,-7.5,3,1
"99",2004,17,4,-11.5,-1.5,3,1
"100",2005,20,0,-17.5,8,3,4
"101",2005,3,1,-7.5,-3.5,3,2
"102",2006,20,1,-8.5,-1.5,3,1
"103",2006,20,0,-18.5,7.5,3,4
"104",2006,20,0,-19.5,9.5,3,4
"105",2006,7,0,-18.5,1.5,3,4
"106",2006,20,2,-4.5,-1.5,3,1
"107",2006,20,1,-3.5,-4.5,3,1
"108",2006,27,2,-4.5,10.5,3,3
"109",2006,17,0,-12.5,11.5,3,3
"110",2006,20,0,-18.5,9.5,3,3
"111",2006,20,0,-18.5,8.5,3,3
"112",2007,20,0,-8.5,-0.5,3,1
"113",2007,17,0,-10.5,12.5,3,4
"114",2007,2,0,-10.5,12.5,3,4
"115",2007,20,1,-11.5,10.5,3,4
"116",2007,20,0,-18.5,8.5,3,4
"117",2007,20,0,-13.5,7,3,2
"118",2007,20,1,-3.5,6.5,3,2
"119",2007,20,0,-3.5,9.5,3,2
"120",2007,11,0,-0.5,8.5,3,2
"121",2007,30,1,-12.5,7.5,3,3
"122",2007,16,1,-5.5,9.5,3,3
"123",2007,53,3,-2.5,2.5,3,3
"124",2008,20,2,-3.5,1.5,3,4
"125",2008,20,3,-18.5,7.5,3,4
"126",2008,20,2,-18.5,8.5,3,4
"127",2008,20,1,-11.5,-3.5,3,1
"128",2008,20,0,-6.5,7.5,3,2
"129",2008,20,4,-0.5,6.5,3,2
"130",2008,20,1,-37.5,18.5,3,3
"131",2009,20,1,-18.5,8.5,3,4
"132",2009,20,2,-5.5,-2.5,3,1
"133",2009,13,0,-33.5,13.5,3,2
"134",2009,7,0,-35.5,-51.5,3,2
"135",2009,6,1,-8,-8.5,3,2
"136",2010,7,0,-3.5,-7.5,3,1
"137",2010,20,0,-8.5,11.5,3,4
"138",2010,20,0,-8.5,10.5,3,4
"139",2010,20,0,-8.5,10.5,3,4
"140",2010,55,4,-7.5,2.5,3,1
"141",2010,20,4,-0.5,7.5,3,2
"142",2010,18,5,-22.5,-13.5,3,3
"143",2011,20,0,-12.5,11.5,3,4
"144",2011,2,1,-3,-22,3,1
"145",2011,20,0,-38.5,-53.5,3,3
"146",2011,20,1,-35.5,-53.5,3,3
"147",2011,20,0,-15.5,7.5,3,3
"148",2011,20,0,-18.5,5.5,3,3
"149",2011,9,0,-0.5,1.5,3,3
"150",2011,3,0,-14.5,7.5,3,3
"151",2012,20,0,-10.5,-1.5,3,1
"152",2012,20,2,-8.5,-18.5,3,4
"153",2012,20,2,-0.5,6.5,3,4
"154",2012,20,2,-32.5,12.5,3,2
"155",2012,20,1,-31,12.5,3,2
"156",2013,20,0,-11.5,2.5,3,1
"157",2013,20,2,-13.5,-3.5,3,1
"158",2013,20,3,-5.5,8.5,3,2
"159",2013,20,0,-12.5,10.5,3,3
"160",2013,7,0,-42.5,12.5,3,3
"161",2014,39,8,-7.5,-12.5,3,1
"162",2014,20,0,-9.5,1.5,3,4
"163",2014,20,1,-7.5,3.5,3,4
"164",2014,20,0,-6.5,3.5,3,4
"165",2014,14,0,-5.5,3.5,3,4
"166",2014,20,0,-12.5,7.5,3,1
"167",2014,20,0,-11.5,6.5,3,1
"168",2014,9,0,-41.5,-12.5,3,2
"169",2014,20,0,-42.5,-2.5,3,2
"170",2014,20,0,-9.5,11.5,3,3
"171",2014,20,1,-6.5,10.5,3,3
"172",2015,20,0,-8.5,-0.5,3,1
"173",2015,20,3,-7.5,-1,3,1
"174",2015,45,10,-7.5,-7.5,3,1
"175",2016,2,2,-8,-22.5,3,1
"176",2016,8,3,-7,-28,3,2
"177",2016,20,0,-44.5,-2.5,3,2
"178",2016,20,0,-44.5,-0.5,3,2
"179",2016,82,0,-42.5,-2,3,3
"180",2016,29,3,-2.5,-6.5,3,3
"181",2017,20,1,-21.5,2.5,3,3
"182",2018,20,0,-18.5,7.5,3,4
"183",2018,20,0,-16.5,8.5,3,4
"184",2018,3,1,-35.5,12.5,3,1
"185",2018,9,0,-33.5,7.5,3,2
"186",2018,20,0,-41.5,5.5,3,2
"187",2018,20,0,-15.5,7,3,3
"188",1990,4,0,-13,-1,10,1
"189",1990,20,8,-6.5,-14.5,10,1
"190",1990,20,29,-6.5,-18.5,10,1
"191",1990,19,47,-7.5,-27.5,10,1
"192",1990,20,1,-17.5,8,10,4
"193",1990,20,0,-15.5,7.5,10,4
"194",1990,20,1,-16.5,8.5,10,4
"195",1990,18,8,-5.5,-11.5,10,1
"196",1990,20,17,-9.5,-15.5,10,1
"197",1990,20,21,-8.5,-18.5,10,1
"198",1990,4,2,-5.5,-5.5,10,1
"199",1990,20,20,-8.5,-17.5,10,1
"200",1990,8,4,-36.5,16.5,10,2
"201",1990,25,9,-1.5,-22.5,10,2
"202",1990,5,0,-37.5,18.5,10,2
"203",1991,10,1,-13,2.5,10,4
"204",1991,5,0,-27.5,11.5,10,4
"205",1991,2,0,-6,2.5,10,4
"206",1991,20,1,-18.5,8.5,10,4
"207",1991,20,1,-17.5,9.5,10,4
"208",1991,1,2,-35.5,16.5,10,4
"209",1991,6,1,-8.5,8,10,4
"210",1991,16,14,-7,-11.5,10,4
"211",1991,5,4,-2.5,-12.5,10,1
"212",1991,1,1,-30.5,-40.5,10,1
"213",1991,3,6,-22.5,2.5,10,2
"214",1991,2,0,-8,8.5,10,2
"215",1991,8,6,-7,-17.5,10,2
"216",1991,21,23,-7.5,-17.5,10,2
"217",1991,22,12,-0.5,-23.5,10,2
"218",1991,14,2,-27.5,6.5,10,3
"219",1991,16,0,-23,8,10,3
"220",1991,13,0,-36.5,17.5,10,3
"221",1992,20,0,-14.5,5.5,10,4
"222",1992,20,0,-11.5,6.5,10,4
"223",1992,19,1,-10.5,9.5,10,4
"224",1992,52,17,-7.5,-7.5,10,4
"225",1992,1,1,-24.5,9.5,10,1
"226",1992,18,21,-22.5,1.5,10,2
"227",1992,11,7,-6.5,-12.5,10,3
"228",1993,4,2,-3,-2,10,1
"229",1993,20,0,-13.5,8,10,4
"230",1993,19,1,-15.5,9.5,10,4
"231",1993,4,1,-2,-12.5,10,4
"232",1993,20,5,-19.5,6.5,10,4
"233",1993,20,0,-19.5,9.5,10,4
"234",1993,24,20,-6.5,-18.5,10,4
"235",1993,10,3,-6.5,-11.5,10,4
"236",1993,1,0,-8.5,10.5,10,4
"237",1993,13,2,-7.5,8.5,10,4
"238",1993,28,1,-17.5,7,10,2
"239",1993,7,5,-26.5,-2.5,10,2
"240",1993,11,1,-28.5,2.5,10,3
"241",1993,25,2,-38.5,17.5,10,3
"242",1993,20,6,-1.5,0.5,10,3
"243",1993,1,0,-0.5,6.5,10,3
"244",1993,12,1,-18.5,8,10,3
"245",1993,8,3,-23,7.5,10,3
"246",1993,19,1,-7.5,3.5,10,3
"247",1994,14,3,-5.5,0,10,1
"248",1994,20,0,-19.5,10.5,10,4
"249",1994,20,0,-16.5,10.5,10,4
"250",1994,13,0,-27.5,6.5,10,4
"251",1994,9,2,-32.5,12.5,10,4
"252",1994,68,3,-32.5,16.5,10,4
"253",1994,40,46,-7.5,-22.5,10,4
"254",1994,21,28,-8.5,-27.5,10,4
"255",1994,25,16,-1.5,0.5,10,4
"256",1994,20,8,-14.5,-2.5,10,1
"257",1994,20,2,-12.5,0,10,1
"258",1994,7,3,-7.5,-17.5,10,2
"259",1994,38,26,-27.5,7.5,10,2
"260",1994,16,0,-8.5,-2,10,2
"261",1994,2,0,-33,3,10,2
"262",1994,20,12,-7.5,-8,10,2
"263",1994,2,0,-8.5,11,10,3
"264",1994,34,2,-11.5,8.5,10,3
"265",1994,2,0,-23.5,-1,10,3
"266",1994,46,9,-27.5,7.5,10,3
"267",1994,11,1,-33.5,11.5,10,3
"268",1994,20,0,-19.5,10.5,10,3
"269",1994,20,0,-17.5,10.5,10,3
"270",1995,20,0,-17.5,7.5,10,4
"271",1995,20,0,-19.5,9.5,10,4
"272",1995,23,14,-8.5,-22.5,10,4
"273",1995,20,0,-17.5,10.5,10,4
"274",1995,20,1,-19.5,8.5,10,4
"275",1995,29,10,-17.5,1.5,10,2
"276",1995,35,39,-22.5,1.5,10,2
"277",1995,79,19,-27.5,12.5,10,2
"278",1995,4,1,-28.5,15.5,10,2
"279",1995,29,13,-22.5,3.5,10,2
"280",1995,2,2,-26.5,-11.5,10,2
"281",1995,21,8,-22.5,-2.5,10,3
"282",1995,20,3,-30.5,12.5,10,3
"283",1995,8,1,-1.5,-18.5,10,3
"284",1995,20,0,-10.5,2.5,10,3
"285",1995,20,1,-10.5,6.5,10,3
"286",1995,20,0,-16.5,3.5,10,3
"287",1995,9,0,-15.5,10.5,10,3
"288",1995,20,0,-18.5,10.5,10,3
"289",1995,72,1,-17.5,7.5,10,3
"290",1995,43,6,-22.5,7.5,10,3
"291",1996,68,28,-12.5,-7.5,10,1
"292",1996,20,6,-7.5,-9.5,10,1
"293",1996,20,14,-7.5,-8.5,10,1
"294",1996,20,8,-6.5,-0.5,10,1
"295",1996,20,6,-3.5,-11.5,10,1
"296",1996,6,1,-7.5,1.5,10,4
"297",1996,17,11,-16.5,-2.5,10,4
"298",1996,20,0,-15.5,8.5,10,4
"299",1996,20,7,-18.5,6.5,10,4
"300",1996,20,5,-7.5,-5.5,10,1
"301",1996,20,6,-6.5,-7.5,10,1
"302",1996,20,13,-5.5,-18.5,10,1
"303",1996,20,9,-6.5,-8.5,10,1
"304",1996,2,0,-13,-6,10,2
"305",1996,20,4,-28.5,12.5,10,2
"306",1996,39,16,-32.5,2.5,10,2
"307",1996,20,0,-42.5,14.5,10,2
"308",1996,20,0,-40.5,12.5,10,2
"309",1996,20,18,-7,-22.5,10,2
"310",1997,20,9,-7.5,-6.5,10,1
"311",1997,20,15,-5.5,-8.5,10,1
"312",1997,20,8,-9.5,-6.5,10,1
"313",1997,20,2,-9.5,-0.5,10,1
"314",1997,20,0,-16.5,7.5,10,4
"315",1997,20,1,-16.5,8.5,10,4
"316",1997,20,16,-1.5,-2.5,10,4
"317",1997,20,11,-0.5,-2.5,10,4
"318",1997,20,5,-10.5,-2.5,10,1
"319",1997,20,10,-6.5,-8.5,10,1
"320",1997,9,3,-5.5,-5.5,10,1
"321",1997,20,8,-8.5,-9.5,10,1
"322",1997,4,4,-27,-1,10,1
"323",1997,20,13,-7.5,-11,10,1
"324",1997,20,11,-26.5,3.5,10,2
"325",1997,20,3,-6.5,7.5,10,2
"326",1997,20,1,-5.5,8.5,10,2
"327",1997,3,2,-22.5,1.5,10,3
"328",1997,20,0,-19.5,10.5,10,3
"329",1997,2,1,-2.5,-7,10,3
"330",1998,20,2,-19.5,0.5,10,4
"331",1998,16,11,-13.5,-12,10,4
"332",1998,8,0,-12.5,1.5,10,4
"333",1998,20,0,-15.5,6.5,10,4
"334",1998,4,1,-5.5,-20.5,10,2
"335",1998,20,11,-6.5,-17.5,10,2
"336",1998,20,0,-17.5,10.5,10,3
"337",1998,3,0,-26.5,7.5,10,3
"338",1998,10,0,-42.5,-2.5,10,3
"339",1998,28,8,-1.5,7.5,10,3
"340",1998,20,1,-39.5,15.5,10,3
"341",1998,13,1,-35.5,19.5,10,3
"342",1998,6,2,-8,2.5,10,3
"343",1999,20,6,-5.5,-3.5,10,4
"344",1999,1,2,-3.5,5.5,10,4
"345",1999,19,19,-12.5,-12.5,10,1
"346",1999,5,1,-38.5,19.5,10,2
"347",1999,15,5,-7.5,-2.5,10,2
"348",1999,20,0,-15.5,10.5,10,2
"349",1999,20,1,-28.5,8,10,2
"350",1999,6,0,-37,12.5,10,2
"351",1999,20,0,-44.5,16.5,10,2
"352",1999,20,0,-42.5,16.5,10,2
"353",1999,26,6,-12.5,2,10,3
"354",1999,2,0,-17,3,10,3
"355",2000,20,4,-15.5,2.5,10,4
"356",2000,20,0,-15.5,8.5,10,4
"357",2000,20,1,-17.5,8.5,10,4
"358",2000,20,4,-5.5,-3.5,10,4
"359",2000,1,0,-5.5,4.5,10,4
"360",2000,13,7,-8.5,7.5,10,1
"361",2000,20,2,-19.5,10.5,10,2
"362",2000,11,3,-33.5,8.5,10,2
"363",2000,11,4,-22.5,7.5,10,2
"364",2000,20,0,-41.5,2.5,10,2
"365",2000,20,0,-40.5,-1.5,10,2
"366",2000,20,0,-41.5,1,10,2
"367",2000,20,0,-44.5,6.5,10,2
"368",2000,9,2,-7.5,1.5,10,2
"369",2001,48,41,-7.5,-22.5,10,4
"370",2001,54,25,-2.5,-7.5,10,4
"371",2001,64,29,-7.5,-12.5,10,1
"372",2001,39,3,-12.5,2.5,10,1
"373",2001,85,0,-42.5,2.5,10,2
"374",2001,8,0,-38,16,10,3
"375",2002,20,1,-12.5,6,10,4
"376",2002,21,12,-27.5,1.5,10,2
"377",2002,20,0,-41.5,3.5,10,2
"378",2002,3,0,-40.5,9.5,10,2
"379",2002,20,0,-42.5,5.5,10,2
"380",2002,33,1,-32.5,7.5,10,3
"381",2002,5,0,-11.5,7.5,10,3
"382",2003,20,0,-7.5,-2.5,10,1
"383",2003,25,1,-27.5,12.5,10,4
"384",2003,9,5,-1.5,-28.5,10,4
"385",2003,20,1,-15.5,1.5,10,4
"386",2003,15,15,-8.5,-22.5,10,1
"387",2003,20,3,-4.5,-1.5,10,1
"388",2003,23,13,-22.5,1.5,10,2
"389",2003,1,0,-37.5,-9.5,10,2
"390",2003,20,0,-40.5,17.5,10,2
"391",2003,20,0,-43.5,19.5,10,2
"392",2003,20,0,-41.5,8.5,10,2
"393",2003,20,0,-44.5,7.5,10,2
"394",2003,15,0,-40.5,9.5,10,3
"395",2004,20,6,-14.5,-4.5,10,1
"396",2004,20,0,-19.5,10.5,10,4
"397",2004,20,6,-4.5,-1,10,4
"398",2004,49,14,-8.5,-12.5,10,1
"399",2004,48,11,-7.5,-7.5,10,1
"400",2004,20,10,-0.5,-6.5,10,1
"401",2004,6,1,-11.5,-2,10,2
"402",2004,20,0,-19,11,10,3
"403",2004,20,3,-28.5,6.5,10,3
"404",2005,20,7,-5.5,-8.5,10,1
"405",2005,10,7,-8.5,-22.5,10,4
"406",2005,64,25,-2,-2.5,10,4
"407",2005,28,7,-3.5,-2.5,10,2
"408",2005,17,0,-41.5,-7.5,10,2
"409",2005,1,0,-35.5,14.5,10,3
"410",2006,46,4,-12.5,-7.5,10,1
"411",2006,14,0,-38,18,10,4
"412",2006,2,2,-8,-11,10,4
"413",2006,28,20,-2,-22.5,10,4
"414",2006,26,11,-2,-27.5,10,4
"415",2006,6,0,-12.5,-2.5,10,4
"416",2006,32,20,-7.5,-22.5,10,2
"417",2007,20,4,-18.5,1.5,10,4
"418",2007,20,1,-7.5,11.5,10,4
"419",2007,20,2,-6.5,10.5,10,4
"420",2007,20,2,-3.5,-13.5,10,4
"421",2007,13,4,-0.5,-6.5,10,4
"422",2007,20,1,-3.5,9.5,10,3
"423",2007,20,3,-0.5,7.5,10,3
"424",2007,20,0,-3.5,5.5,10,3
"425",2007,20,3,-3.5,8.5,10,3
"426",2007,41,2,-31.5,6.5,10,3
"427",2008,20,0,-18.5,8.5,10,4
"428",2008,20,0,-16.5,8,10,4
"429",2008,2,0,-39,11.5,10,4
"430",2008,67,1,-17.5,10.5,10,4
"431",2008,20,2,-8.5,-3.5,10,4
"432",2008,20,4,-8.5,2.5,10,4
"433",2008,20,4,-14.5,-6.5,10,1
"434",2008,20,3,-11.5,-5.5,10,1
"435",2008,20,2,-36.5,18.5,10,2
"436",2008,20,0,-41.5,3.5,10,2
"437",2008,6,0,-32,3,10,3
"438",2008,20,0,-41.5,19.5,10,3
"439",2008,20,0,-43.5,16.5,10,3
"440",2008,2,0,-2.5,-19,10,3
"441",2008,66,6,-27.5,2.5,10,3
"442",2009,20,13,-6.5,-15.5,10,1
"443",2009,20,2,-8.5,-6.5,10,1
"444",2009,20,0,-6.5,11.5,10,4
"445",2009,31,5,-2.5,-12.5,10,4
"446",2009,20,3,-7.5,-4,10,4
"447",2009,20,0,-16.5,10.5,10,3
"448",2009,4,0,-28,7.5,10,3
"449",2009,20,0,-8.5,11,10,3
"450",2010,20,0,-10.5,-3.5,10,1
"451",2010,6,0,-1.5,-1.5,10,1
"452",2010,20,0,-19.5,7.5,10,4
"453",2010,20,1,-16.5,6.5,10,4
"454",2010,20,0,-18.5,8.5,10,4
"455",2010,75,9,-7.5,2.5,10,2
"456",2010,15,3,-3.5,-11.5,10,2
"457",2010,4,4,-1,-15.5,10,2
"458",2010,22,6,-12.5,-7,10,3
"459",2010,3,0,-9.5,-5.5,10,3
"460",2010,20,0,-8.5,11.5,10,3
"461",2010,20,0,-7.5,10.5,10,3
"462",2011,20,2,-7.5,-0.5,10,1
"463",2011,20,0,-14.5,10.5,10,4
"464",2011,1,1,-5.5,-15.5,10,4
"465",2011,20,3,-2.5,3.5,10,4
"466",2011,28,1,-12.5,11.5,10,4
"467",2011,20,4,-2.5,7.5,10,2
"468",2012,20,0,-17.5,1.5,10,4
"469",2012,7,0,-10.5,12.5,10,4
"470",2012,20,4,-8.5,-13,10,4
"471",2012,1,0,-13.5,8.5,10,1
"472",2012,1,0,-10.5,-10.5,10,2
"473",2012,20,3,-4.5,5.5,10,2
"474",2012,20,2,-4.5,7.5,10,2
"475",2012,94,2,-17.5,7.5,10,3
"476",2013,20,0,-11.5,2.5,10,1
"477",2013,20,0,-15.5,6.5,10,4
"478",2013,5,0,-15.5,9.5,10,4
"479",2013,20,0,-17.5,8.5,10,4
"480",2013,9,1,-17.5,2.5,10,2
"481",2013,20,0,-42.5,7.5,10,2
"482",2013,20,0,-41.5,3.5,10,2
"483",2013,20,0,-43.5,-3.5,10,2
"484",2013,20,0,-17.5,5.5,10,3
"485",2013,20,0,-22.5,1.5,10,3
"486",2013,12,0,-5.5,10.5,10,3
"487",2013,1,0,-6.5,8.5,10,3
"488",2014,9,0,-8.5,2.5,10,4
"489",2014,46,3,-17.5,1.5,10,4
"490",2014,20,0,-8.5,4,10,1
"491",2014,20,0,-18.5,9.5,10,3
"492",2014,20,0,-17.5,5.5,10,3
"493",2014,20,0,-15.5,5.5,10,3
"494",2015,20,0,-22.5,2.5,10,4
"495",2015,1,0,-32.5,7.5,10,4
"496",2015,12,2,-8,-2.5,10,2
"497",2015,20,0,-44.5,-4.5,10,2
"498",2015,20,0,-43.5,-2.5,10,2
"499",2015,20,0,-42.5,-4.5,10,2
"500",2015,8,0,-28,1.5,10,3
"501",2015,17,0,-20.5,4.5,10,3
"502",2016,20,0,-19.5,0.5,10,4
"503",2016,16,5,-12.5,-12.5,10,1
"504",2017,20,0,-7.5,2.5,10,4
"505",2017,11,0,-11.5,-11.5,10,1
"506",2017,20,0,-40.5,-3.5,10,2
"507",2017,23,3,-33.5,2.5,10,2
"508",2017,20,0,-44.5,-9.5,10,2
"509",2017,20,0,-43.5,-8.5,10,2
"510",2017,3,0,-37.5,3.5,10,2
"511",2017,20,0,-16.5,6.5,10,3
"512",2017,20,1,-20.5,1.5,10,3
"513",2018,7,2,-7.5,-28.5,10,4
"514",2018,20,1,-10.5,-2.5,10,1
"515",2018,20,4,-17.5,2.5,10,2
"516",2018,20,3,-23.5,6.5,10,2
"517",2018,20,1,-22.5,7.5,10,2
"518",2018,20,2,-20.5,7.5,10,2
"519",2018,20,0,-40.5,-3,10,2
"520",1990,20,29,-8.5,-14,24,1
"521",1990,20,53,-9.5,-24.5,24,1
"522",1990,1,1,-8.5,-12.5,24,4
"523",1990,36,11,-7.5,2.5,24,4
"524",1990,20,9,-4.5,-6.5,24,4
"525",1990,26,38,-7.5,-22.5,24,4
"526",1990,20,12,-5.5,-13.5,24,1
"527",1990,20,10,-7.5,-11.5,24,1
"528",1990,20,10,-6.5,-12.5,24,1
"529",1990,20,21,-7.5,-17.5,24,1
"530",1990,20,17,-6.5,-17,24,1
"531",1990,20,31,-5.5,-17.5,24,2
"532",1990,11,7,-5.5,-11.5,24,2
"533",1990,20,45,-9.5,-19.5,24,2
"534",1990,20,19,-7.5,-21.5,24,3
"535",1990,4,4,-6,0,24,3
"536",1990,10,2,-7.5,8.5,24,3
"537",1990,20,27,-1,-22.5,24,3
"538",1990,20,24,-2.5,-26.5,24,3
"539",1990,20,10,-1.5,1.5,24,3
"540",1991,20,17,-8.5,-12.5,24,1
"541",1991,20,26,-7.5,-15.5,24,1
"542",1991,20,18,-6,-17.5,24,1
"543",1991,20,34,-8.5,-18.5,24,1
"544",1991,8,6,-5.5,-21,24,1
"545",1991,53,21,-7.5,-1.5,24,1
"546",1991,31,26,-2.5,-7.5,24,1
"547",1991,20,17,-4.5,-7.5,24,4
"548",1991,1,0,-13.5,9.5,24,4
"549",1991,20,27,-6.5,-19.5,24,4
"550",1991,20,28,-9.5,-18.5,24,1
"551",1991,20,19,-5.5,-17.5,24,1
"552",1991,20,24,-9.5,-15.5,24,1
"553",1991,1,0,-9.5,-26.5,24,1
"554",1991,20,14,-6.5,-5.5,24,1
"555",1991,6,5,0,-22.5,24,1
"556",1991,20,6,-6.5,-12.5,24,1
"557",1991,24,22,-2,-13,24,1
"558",1991,20,35,-7.5,-24.5,24,2
"559",1991,20,21,-2.5,-21.5,24,2
"560",1991,20,47,-7.5,-24.5,24,2
"561",1991,51,31,-7.5,-12.5,24,2
"562",1991,20,27,-8.5,-16.5,24,2
"563",1991,20,13,-5.5,-15.5,24,2
"564",1991,20,55,-9.5,-22.5,24,2
"565",1991,20,23,-5.5,-24.5,24,2
"566",1991,20,20,-5.5,-23.5,24,3
"567",1991,18,8,-7.5,-6.5,24,3
"568",1991,4,8,-14,-23,24,3
"569",1991,7,0,-19.5,10.5,24,3
"570",1991,71,92,-1.5,-27.5,24,3
"571",1992,9,7,-12.5,-7.5,24,1
"572",1992,20,22,-6.5,-18.5,24,1
"573",1992,20,14,-7.5,-16.5,24,1
"574",1992,20,24,-5.5,-23.5,24,1
"575",1992,20,23,-5.5,-22.5,24,1
"576",1992,20,20,-1.5,-18.5,24,1
"577",1992,20,42,-4.5,-23.5,24,1
"578",1992,37,3,-12.5,7.5,24,4
"579",1992,16,10,-2,-26.5,24,4
"580",1992,20,0,-18.5,8.5,24,4
"581",1992,20,24,-9.5,-17.5,24,4
"582",1992,20,20,-6.5,-17.5,24,4
"583",1992,14,11,-2.5,-27,24,4
"584",1992,20,10,-3.5,-6.5,24,4
"585",1992,20,11,-4.5,-0.5,24,4
"586",1992,20,12,-3.5,-2.5,24,4
"587",1992,20,24,-8.5,-12,24,1
"588",1992,20,24,-6.5,-19.5,24,1
"589",1992,20,25,-6.5,-18.5,24,1
"590",1992,20,22,-7.5,-7.5,24,1
"591",1992,1,1,-33.5,-9.5,24,1
"592",1992,20,54,-9.5,-21.5,24,2
"593",1992,20,27,-5.5,-23.5,24,2
"594",1992,20,29,-6.5,-19,24,2
"595",1992,2,0,-32,15.5,24,3
"596",1993,20,10,-5.5,-11.5,24,1
"597",1993,20,20,-7.5,-13.5,24,1
"598",1993,20,7,-9.5,-8.5,24,1
"599",1993,20,12,-5.5,-5.5,24,1
"600",1993,20,15,-8.5,-7.5,24,1
"601",1993,84,61,-2.5,-2.5,24,4
"602",1993,5,3,-7.5,-11.5,24,4
"603",1993,20,10,-2.5,-6.5,24,4
"604",1993,20,7,-9.5,-8.5,24,1
"605",1993,20,15,-6.5,-13.5,24,1
"606",1993,20,19,-6.5,-10.5,24,1
"607",1993,20,33,-7.5,-18.5,24,2
"608",1993,97,80,-2.5,-17.5,24,2
"609",1993,20,41,-7.5,-18.5,24,2
"610",1993,20,21,-7.5,-17,24,2
"611",1993,45,27,-2.5,-12.5,24,2
"612",1993,20,26,-7.5,-15.5,24,2
"613",1993,20,45,-8.5,-23.5,24,2
"614",1993,20,7,-8.5,3,24,2
"615",1993,8,0,-23,11,24,3
"616",1993,20,14,-2.5,-22.5,24,3
"617",1993,20,21,-2,-22.5,24,3
"618",1993,20,22,-7.5,-21.5,24,3
"619",1993,20,15,-2.5,-20.5,24,3
"620",1994,20,3,-13.5,-0.5,24,1
"621",1994,20,18,-7.5,-5.5,24,1
"622",1994,20,11,-8.5,-4.5,24,1
"623",1994,60,67,-7.5,-22.5,24,4
"624",1994,9,1,-7.5,10.5,24,4
"625",1994,20,18,-0.5,-3,24,4
"626",1994,20,23,-7.5,-24.5,24,4
"627",1994,20,16,-4.5,-8.5,24,4
"628",1994,20,27,-7.5,-18.5,24,4
"629",1994,18,11,-0.5,-11.5,24,4
"630",1994,20,9,-4.5,1.5,24,4
"631",1994,20,18,-5.5,-14.5,24,1
"632",1994,20,21,-6.5,-19.5,24,1
"633",1994,20,19,-8.5,-16.5,24,1
"634",1994,20,15,-8.5,-15.5,24,1
"635",1994,20,26,-7.5,-19.5,24,1
"636",1994,20,14,-9.5,-7.5,24,1
"637",1994,20,20,-5.5,-18.5,24,1
"638",1994,1,0,-5.5,-15.5,24,1
"639",1994,91,59,-7.5,-7.5,24,1
"640",1994,1,0,-2.5,-0.5,24,1
"641",1994,1,4,-25.5,-18.5,24,2
"642",1994,47,53,-28.5,6.5,24,2
"643",1994,31,17,-6.5,-1.5,24,2
"644",1994,1,0,-5.5,-15.5,24,2
"645",1994,15,13,-22.5,-0.5,24,2
"646",1994,20,26,-9.5,-18.5,24,2
"647",1994,14,6,-13.5,-1.5,24,3
"648",1994,49,27,-27.5,-1.5,24,3
"649",1994,79,108,-7.5,-22.5,24,3
"650",1994,1,0,-24.5,12.5,24,3
"651",1994,1,0,-4.5,9.5,24,3
"652",1995,25,31,-12.5,-12.5,24,1
"653",1995,20,5,-9.5,-7.5,24,1
"654",1995,20,10,-5.5,-8.5,24,1
"655",1995,20,6,-9.5,-6.5,24,1
"656",1995,20,12,-5.5,-2.5,24,1
"657",1995,20,11,-2,-13.5,24,4
"658",1995,20,17,-3.5,-7.5,24,4
"659",1995,20,10,-3.5,-3.5,24,4
"660",1995,20,7,-8.5,-14.5,24,4
"661",1995,20,10,-7.5,-13,24,4
"662",1995,20,7,-9.5,-2.5,24,4
"663",1995,20,11,-2.5,-6.5,24,4
"664",1995,20,10,-4.5,1.5,24,4
"665",1995,20,9,-7.5,-11.5,24,1
"666",1995,20,9,-8.5,-3.5,24,1
"667",1995,20,6,-6.5,-1.5,24,1
"668",1995,3,1,-8.5,7.5,24,1
"669",1995,5,5,-13.5,-12.5,24,1
"670",1995,12,10,-5.5,-17.5,24,2
"671",1995,23,22,-27.5,6.5,24,2
"672",1995,20,27,-9.5,-17.5,24,2
"673",1995,18,4,-28.5,11,24,2
"674",1995,19,30,-7.5,-27.5,24,3
"675",1995,63,55,-1.5,-22.5,24,3
"676",1996,20,12,-7.5,-12.5,24,1
"677",1996,42,3,-12.5,2,24,4
"678",1996,6,2,-10.5,-5.5,24,1
"679",1996,20,9,-9.5,-11.5,24,1
"680",1996,20,12,-5.5,-13.5,24,1
"681",1996,20,5,-5.5,-10.5,24,1
"682",1996,20,9,-8.5,-11.5,24,1
"683",1996,11,5,-32.5,6.5,24,1
"684",1996,26,17,-2,-7.5,24,1
"685",1996,20,11,-26.5,5.5,24,2
"686",1996,97,52,-27.5,7.5,24,2
"687",1996,69,4,-37.5,-7.5,24,2
"688",1996,20,0,-42.5,3.5,24,2
"689",1996,20,0,-43.5,3.5,24,2
"690",1996,27,0,-46.5,12.5,24,2
"691",1996,20,20,-7.5,-17.5,24,2
"692",1996,20,0,-40.5,-7,24,2
"693",1996,20,0,-41.5,-1.5,24,2
"694",1996,20,0,-43.5,-2.5,24,2
"695",1996,20,0,-44.5,11.5,24,2
"696",1996,34,22,-0.5,-23.5,24,3
"697",1996,5,0,-22.5,9.5,24,3
"698",1996,1,0,-32.5,10.5,24,3
"699",1997,2,2,-13,-16.5,24,1
"700",1997,3,4,-2.5,-28.5,24,4
"701",1997,20,3,-4.5,-1.5,24,4
"702",1997,20,6,-1.5,-4.5,24,4
"703",1997,1,0,-6.5,6.5,24,4
"704",1997,20,2,-7.5,-2.5,24,4
"705",1997,20,13,-6.5,-16.5,24,1
"706",1997,34,55,-7.5,-27.5,24,2
"707",1997,9,8,-5.5,-15.5,24,2
"708",1997,14,0,-40.5,3,24,3
"709",1997,21,14,-8.5,-7.5,24,3
"710",1997,13,2,-2.5,-12.5,24,3
"711",1997,23,8,-2.5,2.5,24,3
"712",1998,7,0,-11.5,-6.5,24,1
"713",1998,12,3,-5.5,1.5,24,1
"714",1998,20,3,-19.5,3.5,24,4
"715",1998,20,7,-9.5,-1.5,24,4
"716",1998,20,4,-6.5,-8.5,24,1
"717",1998,15,6,-37.5,17.5,24,1
"718",1998,22,5,-27.5,11.5,24,2
"719",1998,27,35,-7.5,-27.5,24,2
"720",1998,20,0,-42.5,14,24,2
"721",1998,20,0,-43.5,8.5,24,2
"722",1998,7,0,-11.5,6.5,24,3
"723",1998,20,0,-36.5,19.5,24,3
"724",1998,20,3,-38.5,17.5,24,3
"725",1998,1,0,-43.5,5.5,24,3
"726",1998,1,0,-7.5,-23.5,24,3
"727",1998,1,0,-15.5,10.5,24,3
"728",1999,20,4,-25.5,2.5,24,4
"729",1999,12,5,-1.5,-2.5,24,4
"730",1999,20,2,-17.5,8.5,24,4
"731",1999,7,0,-8.5,-7.5,24,4
"732",1999,20,3,-14.5,-3.5,24,1
"733",1999,10,8,-7.5,-16.5,24,1
"734",1999,64,26,-22.5,7.5,24,2
"735",1999,19,26,-6.5,-26.5,24,2
"736",1999,20,0,-41.5,11.5,24,2
"737",1999,20,0,-44.5,18.5,24,3
"738",2000,20,5,-8.5,-1,24,1
"739",2000,20,7,-5.5,-3.5,24,1
"740",2000,20,6,-5.5,-1.5,24,1
"741",2000,20,13,-5.5,-0.5,24,1
"742",2000,20,2,-9.5,1.5,24,1
"743",2000,20,0,-14.5,8,24,4
"744",2000,20,0,-19.5,10.5,24,4
"745",2000,23,19,-33.5,-47.5,24,4
"746",2000,16,4,-2.5,-22.5,24,4
"747",2000,39,41,-8.5,-27.5,24,4
"748",2000,5,2,-3.5,7.5,24,4
"749",2000,20,7,-6.5,-4.5,24,1
"750",2000,20,2,-6.5,2.5,24,1
"751",2000,20,6,-5.5,-0.5,24,1
"752",2000,20,3,-9.5,2,24,1
"753",2000,20,9,-6.5,3.5,24,1
"754",2000,2,1,-3.5,-3.5,24,2
"755",2000,20,0,-44.5,16.5,24,2
"756",2000,20,1,-16.5,7.5,24,2
"757",2000,14,0,-17,10.5,24,3
"758",2001,20,5,-8.5,-8.5,24,1
"759",2001,20,1,-9.5,-4.5,24,1
"760",2001,20,2,-17,7.5,24,4
"761",2001,20,2,-18.5,5.5,24,4
"762",2001,1,1,-14.5,-20.5,24,1
"763",2001,29,10,-12.5,-7.5,24,1
"764",2001,4,2,-36.5,-53,24,1
"765",2001,20,3,-6.5,-8.5,24,1
"766",2001,20,5,-5.5,-3.5,24,1
"767",2001,20,6,-7.5,-3.5,24,1
"768",2001,1,2,-28.5,-9.5,24,2
"769",2001,20,6,-28.5,6,24,2
"770",2001,20,7,-27.5,8.5,24,2
"771",2001,20,0,-44.5,7,24,2
"772",2001,14,22,-8.5,-33.5,24,2
"773",2001,43,0,-33.5,16.5,24,3
"774",2001,68,5,-32.5,12.5,24,3
"775",2002,35,2,-12.5,7.5,24,4
"776",2002,33,4,-7.5,7.5,24,4
"777",2002,3,2,-12.5,-16.5,24,4
"778",2002,20,4,-6.5,-18,24,1
"779",2002,81,47,-1.5,-17.5,24,1
"780",2002,20,0,-42.5,18.5,24,2
"781",2002,20,0,-43.5,6.5,24,2
"782",2002,3,3,-12.5,-17.5,24,2
"783",2002,3,1,-1.5,-16.5,24,3
"784",2002,7,7,-2.5,-27.5,24,3
"785",2002,24,5,-2.5,-12.5,24,3
"786",2003,46,12,-0.5,1.5,24,4
"787",2003,54,5,-7.5,7.5,24,4
"788",2003,55,8,-12.5,11.5,24,4
"789",2003,20,1,-19.5,8.5,24,4
"790",2003,20,0,-16.5,6.5,24,4
"791",2003,15,6,-2.5,-3.5,24,1
"792",2003,5,0,-44.5,-33.5,24,1
"793",2003,20,0,-41.5,11.5,24,2
"794",2003,2,0,-16.5,6,24,3
"795",2003,20,1,-27.5,12,24,3
"796",2003,20,3,-28.5,8,24,3
"797",2003,11,2,-6.5,-11.5,24,3
"798",2004,9,5,-7.5,-18.5,24,1
"799",2004,20,1,-9.5,-3.5,24,1
"800",2004,20,3,-8.5,-1.5,24,1
"801",2004,20,2,-5.5,4,24,1
"802",2004,20,2,-9.5,-1.5,24,1
"803",2004,17,0,-11.5,8.5,24,4
"804",2004,32,4,-27.5,1.5,24,4
"805",2004,20,2,-28.5,7.5,24,4
"806",2004,20,1,-16.5,5.5,24,4
"807",2004,20,0,-16.5,8.5,24,4
"808",2004,20,0,-16.5,9.5,24,4
"809",2004,20,2,-9.5,-3.5,24,4
"810",2004,20,2,-8.5,-0.5,24,4
"811",2004,53,28,-6.5,-22.5,24,1
"812",2004,20,12,-1.5,-3.5,24,1
"813",2004,11,6,-0.5,-0.5,24,1
"814",2004,20,2,-4.5,-0.5,24,1
"815",2004,20,6,-3.5,-2.5,24,1
"816",2004,20,4,-2.5,-4.5,24,1
"817",2004,2,1,-18,7.5,24,1
"818",2004,20,4,-3.5,-2.5,24,1
"819",2004,90,34,-27.5,2.5,24,2
"820",2004,20,4,-28.5,12.5,24,2
"821",2004,20,0,-19.5,11.5,24,3
"822",2004,20,13,-8,-27.5,24,3
"823",2005,20,0,-15.5,5.5,24,4
"824",2005,20,2,-9.5,3.5,24,4
"825",2005,20,2,-8.5,3,24,4
"826",2005,20,13,-6.5,-23.5,24,1
"827",2005,5,0,-42.5,11.5,24,3
"828",2006,51,1,-12.5,11.5,24,4
"829",2006,13,1,-11.5,7.5,24,4
"830",2006,20,0,-4.5,3.5,24,4
"831",2006,20,0,-14.5,5.5,24,4
"832",2006,20,1,-11.5,6.5,24,4
"833",2006,20,0,-6.5,7.5,24,4
"834",2006,20,5,-4.5,-8.5,24,1
"835",2006,20,4,-2.5,-8.5,24,1
"836",2006,20,10,-1.5,-1.5,24,1
"837",2006,1,1,-3.5,8.5,24,2
"838",2006,20,2,-17.5,6.5,24,2
"839",2006,61,0,-42.5,12.5,24,2
"840",2006,12,5,-8,-17.5,24,3
"841",2006,20,0,-3.5,5.5,24,3
"842",2006,20,2,-2.5,5.5,24,3
"843",2006,1,0,-13.5,2.5,24,3
"844",2006,62,22,-1.5,-22.5,24,3
"845",2007,20,0,-18.5,9,24,4
"846",2007,70,10,-7.5,-7.5,24,4
"847",2007,10,0,-12,-2.5,24,1
"848",2007,20,1,-8.5,0.5,24,1
"849",2007,20,7,-1.5,-3.5,24,1
"850",2007,20,5,-3.5,-3.5,24,1
"851",2007,20,4,-1.5,6.5,24,2
"852",2007,20,1,-7.5,8.5,24,2
"853",2007,14,0,-10.5,4,24,3
"854",2007,18,0,-15.5,8.5,24,3
"855",2007,14,0,-10.5,12.5,24,3
"856",2008,20,0,-16.5,5.5,24,1
"857",2008,11,5,-2.5,-22.5,24,1
"858",2008,20,4,-6.5,-21.5,24,4
"859",2008,2,0,-11.5,3.5,24,4
"860",2008,20,1,-14.5,1.5,24,1
"861",2008,20,0,-14.5,4,24,1
"862",2008,20,1,-8.5,-7,24,1
"863",2008,29,3,-13.5,7.5,24,2
"864",2008,27,6,-7.5,-11.5,24,2
"865",2008,20,4,-3.5,0.5,24,2
"866",2008,20,0,-19.5,6.5,24,3
"867",2008,20,0,-15.5,7.5,24,3
"868",2008,20,0,-17.5,2.5,24,3
"869",2009,20,5,-6.5,-22,24,1
"870",2009,20,5,-6.5,-22.5,24,4
"871",2009,10,1,-0.5,7.5,24,4
"872",2009,20,0,-15.5,6.5,24,4
"873",2009,20,6,-9.5,-11.5,24,1
"874",2009,20,7,-6.5,-12.5,24,1
"875",2009,20,10,-7.5,-22.5,24,2
"876",2009,20,0,-9.5,9.5,24,2
"877",2009,20,5,-2.5,-23.5,24,2
"878",2009,20,10,-1.5,-22,24,2
"879",2009,6,5,-12,-17,24,3
"880",2009,12,0,-43,11.5,24,3
"881",2009,2,1,-11.5,-13.5,24,3
"882",2010,3,1,-3.5,1.5,24,1
"883",2010,20,2,-12.5,10.5,24,4
"884",2010,26,0,-18,8,24,4
"885",2010,1,0,-6.5,-26.5,24,4
"886",2010,20,0,-17.5,5.5,24,4
"887",2010,20,5,-3.5,-17.5,24,4
"888",2010,15,4,-2.5,-7.5,24,1
"889",2010,12,2,-3,-26.5,24,1
"890",2010,96,0,-42.5,2.5,24,2
"891",2010,20,0,-19.5,10.5,24,3
"892",2010,20,0,-14.5,7.5,24,3
"893",2011,20,0,-13.5,1.5,24,1
"894",2011,88,33,-7.5,-17.5,24,1
"895",2011,20,7,-6.5,-22.5,24,4
"896",2011,20,0,-6.5,11.5,24,4
"897",2011,20,6,-9.5,-19.5,24,4
"898",2011,20,3,-0.5,-1.5,24,4
"899",2011,20,1,-11.5,2.5,24,1
"900",2011,20,1,-13.5,7.5,24,1
"901",2011,8,2,-7.5,-28,24,2
"902",2011,69,15,-12.5,-12.5,24,2
"903",2011,3,0,-18.5,3.5,24,2
"904",2011,97,5,-37.5,-52.5,24,2
"905",2011,29,4,-2.5,6.5,24,2
"906",2011,11,12,-6.5,-27.5,24,2
"907",2011,90,1,-17.5,8.5,24,3
"908",2011,2,0,-28.5,-7.5,24,3
"909",2011,20,0,-8.5,11.5,24,3
"910",2011,20,0,-7.5,10.5,24,3
"911",2012,20,4,-6.5,-17.5,24,1
"912",2012,24,1,-2,-11.5,24,4
"913",2012,20,1,-17.5,7.5,24,4
"914",2012,20,1,-16.5,6.5,24,4
"915",2012,20,2,-19.5,7.5,24,4
"916",2012,20,1,-9.5,11.5,24,4
"917",2012,20,0,-7.5,11.5,24,4
"918",2012,18,4,-1.5,-8.5,24,4
"919",2012,20,0,-18.5,7.5,24,4
"920",2012,20,2,-18.5,9.5,24,4
"921",2012,20,1,-17.5,6.5,24,4
"922",2012,20,1,-17.5,6.5,24,4
"923",2012,75,0,-42.5,12.5,24,2
"924",2012,20,1,-6.5,7.5,24,2
"925",2012,20,0,-7.5,8.5,24,2
"926",2012,20,0,-5.5,8.5,24,2
"927",2012,3,1,-5.5,9.5,24,2
"928",2012,58,5,-4.5,10.5,24,2
"929",2012,20,2,-24.5,0.5,24,3
"930",2013,20,1,-12.5,-1.5,24,1
"931",2013,4,0,-18.5,10.5,24,4
"932",2013,20,1,-18.5,7.5,24,4
"933",2013,20,2,-7.5,2,24,4
"934",2013,20,0,-13.5,-2.5,24,1
"935",2013,1,0,-6.5,-24.5,24,1
"936",2013,4,0,-32.5,7,24,2
"937",2013,20,0,-24.5,7.5,24,3
"938",2013,17,1,-42.5,2.5,24,3
"939",2013,20,3,-24.5,0.5,24,3
"940",2013,20,0,-20.5,3.5,24,3
"941",2014,20,0,-18,7.5,24,4
"942",2014,20,0,-15.5,5.5,24,4
"943",2014,20,1,-14.5,1.5,24,1
"944",2014,5,0,-7.5,1.5,24,2
"945",2014,20,1,-5.5,6.5,24,2
"946",2014,7,0,-15.5,9.5,24,2
"947",2014,11,0,-2.5,-6.5,24,2
"948",2014,20,0,-16.5,8.5,24,3
"949",2014,20,0,-18.5,8.5,24,3
"950",2014,5,0,-28.5,2.5,24,3
"951",2014,3,0,-11.5,-3.5,24,3
"952",2014,2,0,-15.5,4.5,24,3
"953",2014,2,0,-26.5,8,24,3
"954",2014,10,0,-15.5,8.5,24,3
"955",2015,20,2,-6.5,4,24,1
"956",2015,20,0,-8.5,10.5,24,4
"957",2015,4,0,-5.5,10.5,24,4
"958",2015,14,2,-15.5,3,24,4
"959",2015,46,0,-17.5,10.5,24,4
"960",2015,20,3,-12.5,2.5,24,1
"961",2015,20,1,-11.5,1,24,1
"962",2015,20,0,-14.5,2.5,24,1
"963",2015,2,0,-42.5,-17,24,2
"964",2015,20,0,-43.5,-8.5,24,2
"965",2015,4,0,-12.5,11.5,24,3
"966",2015,21,0,-31.5,6.5,24,3
"967",2015,5,0,-8.5,10.5,24,3
"968",2016,1,0,-8.5,-11.5,24,4
"969",2016,20,1,-18.5,7.5,24,4
"970",2016,42,0,-13.5,3,24,4
"971",2016,20,1,-6.5,2,24,4
"972",2016,20,1,-5.5,1.5,24,4
"973",2016,20,0,-11.5,8,24,1
"974",2016,20,2,-21.5,6.5,24,3
"975",2016,20,0,-42.5,5.5,24,3
"976",2016,17,0,-18.5,2.5,24,3
"977",2016,6,0,-32.5,-7,24,3
"978",2016,20,0,-32.5,-3,24,3
"979",2016,20,1,-23.5,1.5,24,3
"980",2017,20,0,-18.5,2,24,4
"981",2017,17,0,-15.5,4.5,24,4
"982",2017,13,0,-12.5,3.5,24,4
"983",2017,17,2,-7.5,-6.5,24,4
"984",2017,11,0,-3.5,-11.5,24,4
"985",2017,20,0,-41.5,-7.5,24,2
"986",2017,20,0,-41.5,2.5,24,2
"987",2017,3,0,-1.5,-8.5,24,2
"988",2017,20,0,-43.5,-0.5,24,2
"989",2017,20,1,-20.5,7.5,24,2
"990",2017,15,0,-20.5,9.5,24,2
"991",2017,29,0,-33.5,1.5,24,2
"992",2017,2,0,-15.5,4.5,24,3
"993",2018,4,0,-40.5,-0.5,24,2
"994",2018,20,0,-43.5,-3.5,24,2
"995",2018,1,0,-5.5,3.5,24,2
"996",2018,20,0,-44.5,2.5,24,2
"997",2018,20,1,-23.5,3.5,24,3
"998",2018,20,0,-21.5,9,24,3
"999",2018,9,0,-10.5,3.5,24,3
"1000",2018,12,1,-20.5,4.5,24,3
