Year,area,season,lat,lon,hbf,BUM,SWO,sets,fleet
1990,S,1,-3,-14,3,0,0,2,2
1990,N,1,13.5,-22.5,3,4,2,23,2
1990,N,1,18,-23.5,3,0,3,8,2
1990,N,1,30.5,-40.5,3,0,0,1,2
1990,N,1,44.5,-41.5,3,0,2,9,2
1990,N,1,44.5,-59,3,0,0,20,2
1990,N,1,41.5,-56.5,3,0,7,20,2
1990,N,4,41.5,-63.5,3,1,10,41,2
1990,N,4,41.5,-43.5,3,7,4,20,2
1990,N,4,43.5,-42.5,3,2,9,20,2
1990,N,4,44.5,-51,3,0,0,12,2
1990,N,4,47.5,-39.5,3,0,12,20,2
1990,N,4,48.5,-44.5,3,0,14,20,2
1990,N,1,27.5,-58.5,3,1,0,5,2
1990,N,1,33.5,-31.5,3,0,0,1,2
1990,N,1,30.5,-58.5,3,6,5,20,2
1990,N,1,37.5,-37.5,3,6,8,41,2
1990,S,1,-8.5,-12.5,3,15,11,19,2
1990,N,1,3.5,-17.5,3,1,0,1,2
1990,N,1,29.5,-13.5,3,7,22,51,2
1990,N,1,31.5,-22.5,3,1,6,15,2
1990,N,1,32.5,-55.5,3,3,6,20,2
1990,N,1,37.5,-17.5,3,1,8,31,2
1990,S,2,-33.5,-51.5,3,7,2,22,2
1990,N,2,32.5,-19.5,3,2,5,20,2
1990,N,2,34,-17.5,3,1,7,20,2
1990,N,2,38.5,-16.5,3,0,10,20,2
1990,N,2,36.5,-31.5,3,0,0,1,2
1990,S,2,-32.5,-51.5,3,2,0,5,2
1990,N,2,37.5,-20.5,3,0,2,3,2
1990,N,2,5.5,-18.5,3,1,0,1,2
1990,S,3,-36.5,-11.5,3,0,2,9,2
1990,N,3,12.5,-29.5,3,0,1,1,2
1990,N,3,2,-6.5,3,0,1,2,2
1990,S,3,-26.5,14.5,3,0,4,7,2
1991,N,1,41.5,-62.5,3,0,31,87,2
1991,N,4,41.5,-41.5,3,4,8,20,2
1991,N,4,49.5,-39.5,3,0,7,20,2
1991,N,4,46.5,-41.5,3,0,9,20,2
1991,N,4,46.5,-44.5,3,0,1,20,2
1991,N,4,43.5,-43.5,3,1,4,20,2
1991,N,4,42.5,-47.5,3,1,11,44,2
1991,N,4,42.5,-54.5,3,1,9,20,2
1991,N,4,49.5,-39.5,3,0,13,20,2
1991,N,4,48.5,-39.5,3,0,11,20,2
1991,S,1,-27,5.5,3,0,1,2,2
1991,N,1,37.5,-28.5,3,0,4,48,2
1991,S,1,-34.5,17.5,3,0,1,1,2
1991,S,1,-35.5,0.5,3,0,5,3,2
1991,N,1,32.5,-53.5,3,11,8,35,2
1991,S,2,-31,13,3,1,1,4,2
1991,N,2,33.5,-11.5,3,0,4,20,2
1991,N,2,34.5,-15.5,3,0,0,1,2
1991,N,2,35.5,-12.5,3,1,4,20,2
1991,N,2,39.5,-18.5,3,0,8,20,2
1991,S,3,-32.5,-36.5,3,0,0,3,2
1991,S,3,-38.5,-3,3,0,5,20,2
1991,S,3,-31.5,11.5,3,1,4,11,2
1992,N,1,30.5,-33.5,3,0,0,1,2
1992,N,1,44.5,-51.5,3,0,0,18,2
1992,N,4,42.5,-56.5,3,2,6,16,2
1992,S,4,-16.5,8.5,3,0,1,6,2
1992,N,4,47.5,-37.5,3,2,15,48,2
1992,N,4,44,-52.5,3,0,0,20,2
1992,N,1,42.5,-38.5,3,1,4,24,2
1992,S,1,-27.5,-12.5,3,0,0,1,2
1992,S,1,-26.5,1.5,3,4,8,23,2
1992,N,2,30.5,-24.5,3,7,7,20,2
1992,N,2,34.5,-9.5,3,2,8,20,2
1992,N,2,32.5,-38,3,2,4,8,2
1992,N,2,39.5,-18.5,3,0,7,20,2
1992,S,3,-18.5,2.5,3,0,0,3,2
1992,N,3,42.5,-52.5,3,0,2,5,2
1993,N,1,12.5,-17.5,3,0,1,6,2
1993,N,1,12.5,-31.5,3,5,1,8,2
1993,N,4,39,-42.5,3,0,2,4,2
1993,N,4,37,-42.5,3,1,2,12,2
1993,N,4,43,-42.5,3,0,2,8,2
1993,N,4,40.5,-53.5,3,4,3,20,2
1993,N,1,37.5,-27,3,1,6,26,2
1993,S,2,-20.5,0.5,3,0,0,1,2
1993,S,2,-31.5,0.5,3,1,0,1,2
1993,S,2,-37.5,12,3,0,2,8,2
1993,S,2,-8,2,3,0,1,4,2
1993,N,2,33.5,-21.5,3,1,8,20,2
1993,N,2,33,-27,3,1,0,6,2
1993,N,2,40.5,-36.5,3,0,0,1,2
1993,N,2,32.5,-28,3,2,5,26,2
1993,S,3,-27.5,11.5,3,0,1,3,2
1993,S,3,-36.5,-7.5,3,0,16,28,2
1993,N,3,32.5,-26,3,1,3,6,2
1994,N,1,43.5,-60.5,3,0,2,17,2
1994,N,4,17.5,-17.5,3,3,7,31,2
1994,N,4,42.5,-52.5,3,1,6,38,2
1994,N,4,41.5,-62.5,3,1,6,25,2
1994,N,4,45.5,-42.5,3,0,1,3,2
1994,N,1,37.5,-55.5,3,1,2,6,2
1994,N,1,37.5,-27.5,3,2,12,48,2
1994,S,2,-35.5,-39.5,3,0,1,3,2
1994,N,2,37.5,-21,3,0,9,20,2
1994,N,2,39.5,-23.5,3,0,4,20,2
1994,S,2,-33.5,7.5,3,2,4,21,2
1994,N,2,21.5,-28.5,3,2,0,3,2
1994,S,2,-16.5,2.5,3,2,0,5,2
1994,S,2,-31.5,7.5,3,1,2,7,2
1994,N,2,38,-11.5,3,0,3,4,2
1994,S,3,-35.5,2.5,3,0,0,2,2
1994,N,3,40.5,-52.5,3,0,0,2,2
1995,N,4,33,-36,3,0,0,4,2
1995,N,4,43.5,-44.5,3,0,2,5,2
1995,N,2,37.5,-11.5,3,1,0,20,2
1995,N,2,0.5,-29.5,3,0,2,1,2
1995,N,2,10.5,-34.5,3,0,2,3,2
1995,N,2,33.5,-9.5,3,0,4,20,2
1995,N,2,35.5,-14.5,3,0,6,20,2
1995,N,2,35.5,-13.5,3,1,5,20,2
1995,N,2,39.5,-12.5,3,0,7,20,2
1995,S,2,-4,-12,3,0,0,2,2
1995,N,2,27.5,-20.5,3,0,0,1,2
1995,N,3,32,-32,3,1,2,2,2
1996,S,1,-7.5,-18.5,3,34,8,20,2
1996,N,4,23.5,-21.5,3,8,8,20,2
1996,N,4,21.5,-20.5,3,4,6,20,2
1996,S,4,-33.5,16.5,3,0,3,7,2
1996,S,4,-9.5,-17,3,14,4,20,2
1996,S,4,-7.5,-17,3,18,3,20,2
1996,N,4,11.5,-19,3,1,6,20,2
1996,N,4,14.5,-21,3,1,3,14,2
1996,N,4,22.5,-18.5,3,11,30,72,2
1996,N,4,47.5,-35.5,3,1,7,20,2
1996,N,4,48.5,-41.5,3,0,4,20,2
1996,N,4,46.5,-41.5,3,1,9,20,2
1996,S,4,-19.5,3.5,3,6,9,20,2
1996,S,4,-5.5,-0.5,3,1,1,4,2
1996,N,4,11.5,-28.5,3,3,5,20,2
1996,N,4,11.5,-27.5,3,2,8,20,2
1996,S,1,-13.5,3.5,3,3,11,20,2
1996,S,2,-40.5,8.5,3,0,9,20,2
1996,S,2,-44.5,3.5,3,0,15,20,2
1996,S,2,-41.5,4.5,3,0,16,20,2
1996,S,3,-19.5,10.5,3,0,7,20,2
1997,S,1,-8.5,-14.5,3,20,5,20,2
1997,N,1,36.5,-21.5,3,1,6,20,2
1997,S,2,-6.5,-8.5,3,5,4,20,2
1997,N,2,34.5,-8.5,3,2,15,59,2
1997,N,2,39.5,-11,3,1,3,16,2
1997,S,3,-17.5,10.5,3,1,9,42,2
1997,N,3,12.5,-27.5,3,5,11,46,2
1997,N,3,14.5,-41.5,3,30,4,20,2
1997,N,3,12.5,-22.5,3,9,21,82,2
1997,N,3,17.5,-22.5,3,7,9,28,2
1997,N,3,27.5,-22.5,3,15,3,28,2
1998,S,4,-16.5,6.5,3,1,8,20,2
1998,S,4,-15.5,6.5,3,1,6,20,2
1998,S,4,-19.5,9.5,3,0,8,20,2
1998,S,4,-18.5,6.5,3,0,11,20,2
1998,S,4,-22.5,2.5,3,0,0,2,2
1998,N,4,47.5,-43.5,3,0,19,48,2
1998,N,4,22.5,-27.5,3,13,7,23,2
1998,S,2,-23,1.5,3,0,1,4,2
1998,N,2,12.5,-32.5,3,31,30,83,2
1998,S,2,-43.5,0.5,3,0,17,20,2
1998,S,2,-40.5,1.5,3,0,8,20,2
1998,S,2,-40.5,3.5,3,0,17,20,2
1998,S,2,-44.5,4.5,3,0,12,20,2
1998,S,2,-47.5,16.5,3,0,8,11,2
1998,N,2,12.5,-23.5,3,3,6,20,2
1998,S,3,-16.5,10.5,3,0,4,20,2
1998,S,3,-15.5,7,3,1,12,20,2
1998,N,3,12.5,-38.5,3,0,0,1,2
1999,S,1,-6.5,-1.5,3,2,4,20,2
1999,S,1,-8.5,-2.5,3,3,9,20,2
1999,S,4,-35.5,17.5,3,0,1,1,2
1999,S,4,-9.5,0.5,3,2,10,20,2
1999,S,4,-5.5,3.5,3,3,6,20,2
1999,S,1,-13.5,-8.5,3,10,7,20,2
1999,N,1,13.5,-31.5,3,5,7,20,2
1999,N,1,6.5,-28.5,3,12,9,20,2
1999,N,1,5.5,-32.5,3,13,15,20,2
1999,N,2,6.5,-27.5,3,5,8,20,2
1999,S,2,-43.5,-3.5,3,0,8,20,2
1999,S,2,-41.5,-2.5,3,0,8,20,2
1999,S,2,-9.5,-21.5,3,24,7,20,2
1999,S,3,-7.5,-3.5,3,3,2,17,2
1999,S,3,-36.5,12.5,3,0,4,13,2
1999,S,3,-29.5,7.5,3,0,9,20,2
1999,N,3,20.5,-20.5,3,2,1,5,2
2000,S,4,-32.5,-48.5,3,1,3,12,2
2000,S,4,-2.5,-27.5,3,21,13,34,2
2000,S,4,-0.5,-1.5,3,1,4,14,2
2000,N,4,12.5,-27.5,3,13,13,59,2
2000,N,4,10.5,-38.5,3,11,3,20,2
2000,N,4,45.5,-49.5,3,0,0,20,2
2000,S,2,-15.5,9.5,3,0,2,6,2
2000,S,2,-43.5,9.5,3,0,14,20,2
2000,S,2,-42.5,7.5,3,0,13,20,2
2000,S,2,-40.5,6.5,3,0,12,20,2
2000,S,2,-44.5,8.5,3,0,15,20,2
2000,N,2,12.5,-18.5,3,0,7,31,2
2000,N,3,18.5,-27.5,3,8,8,20,2
2001,N,1,2.5,-26.5,3,11,2,20,2
2001,S,1,-4.5,-3.5,3,1,7,20,2
2001,N,2,31.5,-56.5,3,9,7,20,2
2001,N,2,26.5,-37.5,3,18,12,38,2
2001,N,2,32.5,-57.5,3,8,24,64,2
2002,S,1,-2.5,-7.5,3,10,16,30,2
2002,N,1,41.5,-43.5,3,2,2,7,2
2002,S,4,-12.5,7.5,3,1,1,20,2
2002,S,4,-17.5,6.5,3,1,11,20,2
2002,S,4,-16.5,6.5,3,0,6,20,2
2002,N,1,7.5,-23,3,0,12,20,2
2002,N,2,34.5,-7.5,3,0,1,2,2
2002,N,2,6.5,-27.5,3,2,3,20,2
2002,N,3,6,-23,3,1,2,4,2
2003,S,1,-7.5,1.5,3,0,4,20,2
2003,N,1,10.5,-31.5,3,1,9,20,2
2003,N,1,27.5,-71.5,3,8,7,20,2
2003,N,1,32.5,-71.5,3,16,8,37,2
2003,S,4,-19.5,6.5,3,1,10,20,2
2003,S,4,-16.5,8.5,3,0,4,20,2
2003,S,4,-18.5,6.5,3,1,8,20,2
2003,S,4,-18.5,7.5,3,1,7,20,2
2003,S,4,-15.5,6.5,3,0,6,20,2
2003,S,4,-15.5,7.5,3,0,6,20,2
2003,S,4,-15.5,8.5,3,1,4,20,2
2003,S,4,-7.5,10.5,3,2,12,53,2
2003,S,1,-9.5,-2.5,3,2,6,20,2
2003,S,1,-7.5,-1.5,3,1,5,20,2
2003,S,1,-8.5,-12.5,3,15,3,20,2
2003,S,1,-9.5,-1.5,3,2,2,20,2
2003,N,1,26.5,-21.5,3,3,6,11,2
2003,N,2,17.5,-29.5,3,2,2,5,2
2003,N,2,34.5,-10.5,3,0,0,1,2
2003,S,2,-1.5,-22.5,3,4,6,13,2
2003,N,2,39.5,-14.5,3,0,2,5,2
2003,S,3,-19,-4,3,2,5,4,2
2003,S,3,-8.5,8.5,3,0,0,3,2
2003,N,3,14,-78.5,3,7,1,6,2
2003,N,3,24.5,-25.5,3,3,0,3,2
2004,N,1,42.5,-48.5,3,0,7,20,2
2004,N,4,15.5,-19.5,3,0,3,20,2
2004,N,4,19.5,-17.5,3,0,0,12,2
2004,N,4,21.5,-23,3,1,1,4,2
2004,N,4,45.5,-19.5,3,0,5,20,2
2004,N,4,41.5,-43.5,3,1,10,20,2
2004,S,1,-9.5,-7.5,3,8,6,20,2
2004,S,1,-11.5,-1.5,3,4,8,17,2
2004,N,3,15.5,-29.5,3,4,4,20,2
2004,N,3,15.5,-25.5,3,1,5,20,2
2004,N,3,18.5,-32.5,3,20,19,74,2
2004,N,3,4.5,-23,3,8,6,20,2
2004,N,3,4.5,-20.5,3,0,1,1,2
2005,N,1,8.5,-24.5,3,1,10,20,2
2005,N,4,49.5,-34,3,0,10,20,2
2005,S,4,-17.5,8,3,0,6,20,2
2005,N,4,46.5,-28.5,3,0,9,20,2
2005,N,1,27.5,-31.5,3,17,6,37,2
2005,S,2,-7.5,-3.5,3,1,1,3,2
2005,N,3,17.5,-31,3,12,6,20,2
2005,N,3,19.5,-33.5,3,12,9,20,2
2005,N,3,7.5,-22.5,3,4,6,23,2
2006,S,1,-8.5,-1.5,3,1,5,20,2
2006,N,1,1.5,-7.5,3,3,16,40,2
2006,N,1,25.5,-70.5,3,8,9,20,2
2006,S,4,-18.5,7.5,3,0,5,20,2
2006,S,4,-19.5,9.5,3,0,6,20,2
2006,S,4,-18.5,1.5,3,0,5,7,2
2006,S,1,-4.5,-1.5,3,2,9,20,2
2006,S,1,-3.5,-4.5,3,1,9,20,2
2006,N,1,7.5,-22.5,3,4,15,46,2
2006,N,1,27.5,-47.5,3,2,2,11,2
2006,N,2,2.5,-17.5,3,1,11,30,2
2006,N,2,6.5,-21.5,3,3,5,20,2
2006,S,3,-4.5,10.5,3,2,3,27,2
2006,S,3,-12.5,11.5,3,0,6,17,2
2006,S,3,-18.5,9.5,3,0,6,20,2
2006,S,3,-18.5,8.5,3,0,9,20,2
2006,N,3,48,-31.5,3,0,1,2,2
2007,S,1,-8.5,-0.5,3,0,6,20,2
2007,N,1,13.5,-38,3,4,6,14,2
2007,N,1,42.5,-52.5,3,0,13,44,2
2007,S,4,-10.5,12.5,3,0,5,17,2
2007,N,4,47.5,-10.5,3,0,3,20,2
2007,S,4,-10.5,12.5,3,0,1,2,2
2007,S,4,-11.5,10.5,3,1,7,20,2
2007,S,4,-18.5,8.5,3,0,10,20,2
2007,N,1,43.5,-57.5,3,0,2,8,2
2007,S,2,-13.5,7,3,0,1,20,2
2007,S,2,-3.5,6.5,3,1,7,20,2
2007,S,2,-3.5,9.5,3,0,8,20,2
2007,S,2,-0.5,8.5,3,0,4,11,2
2007,N,2,5.5,-26.5,3,3,7,20,2
2007,S,3,-12.5,7.5,3,1,6,30,2
2007,S,3,-5.5,9.5,3,1,7,16,2
2007,N,3,17.5,-18.5,3,1,9,46,2
2007,N,3,2.5,-16.5,3,3,13,32,2
2007,S,3,-2.5,2.5,3,3,10,53,2
2007,N,3,47.5,-18.5,3,1,6,20,2
2008,S,4,-3.5,1.5,3,2,7,20,2
2008,S,4,-18.5,7.5,3,3,9,20,2
2008,S,4,-18.5,8.5,3,2,6,20,2
2008,S,1,-11.5,-3.5,3,1,7,20,2
2008,N,1,13.5,-27.5,3,2,2,20,2
2008,N,1,8.5,-31.5,3,2,2,20,2
2008,N,1,5.5,-28.5,3,3,4,20,2
2008,N,1,7.5,-27.5,3,2,4,20,2
2008,S,2,-6.5,7.5,3,0,15,20,2
2008,S,2,-0.5,6.5,3,4,16,20,2
2008,N,2,3.5,5.5,3,2,4,20,2
2008,N,2,34.5,-9.5,3,0,2,20,2
2008,N,2,34.5,-7.5,3,0,6,20,2
2008,N,2,15.5,-19.5,3,2,4,20,2
2008,S,3,-37.5,18.5,3,1,6,20,2
2008,N,3,41.5,-53,3,0,2,4,2
2008,N,3,2.5,-17.5,3,9,29,71,2
2009,S,4,-18.5,8.5,3,1,8,20,2
2009,N,4,16.5,-33.5,3,4,9,20,2
2009,N,4,19.5,-30.5,3,2,0,8,2
2009,S,1,-5.5,-2.5,3,2,5,20,2
2009,N,1,12.5,-27.5,3,3,10,20,2
2009,N,1,9.5,-24.5,3,2,3,20,2
2009,N,1,9.5,-23.5,3,0,5,20,2
2009,N,2,11.5,-26.5,3,0,3,20,2
2009,N,2,13.5,-38.5,3,7,3,20,2
2009,N,2,14.5,-36,3,1,4,14,2
2009,N,2,17.5,-27.5,3,6,18,41,2
2009,N,2,32.5,-27.5,3,0,3,10,2
2009,S,2,-33.5,13.5,3,0,7,13,2
2009,S,2,-35.5,-51.5,3,0,11,7,2
2009,S,2,-8,-8.5,3,1,1,6,2
2010,S,1,-3.5,-7.5,3,0,4,7,2
2010,S,4,-8.5,11.5,3,0,4,20,2
2010,S,4,-8.5,10.5,3,0,2,20,2
2010,S,4,-8.5,10.5,3,0,5,20,2
2010,N,4,17.5,-19.5,3,1,3,20,2
2010,N,4,16.5,-26.5,3,4,5,20,2
2010,N,4,17.5,-33.5,3,8,4,20,2
2010,N,4,18,-33,3,9,7,20,2
2010,N,1,13.5,-32.5,3,4,5,20,2
2010,N,1,8.5,-16.5,3,0,3,20,2
2010,S,1,-7.5,2.5,3,4,14,55,2
2010,N,2,12.5,-72.5,3,8,10,20,2
2010,S,2,-0.5,7.5,3,4,5,20,2
2010,N,2,19.5,-19.5,3,0,7,20,2
2010,N,2,16.5,-19.5,3,0,3,20,2
2010,N,2,6.5,-43,3,8,7,20,2
2010,S,3,-22.5,-13.5,3,5,10,18,2
2011,N,1,9.5,-25.5,3,0,3,3,2
2011,S,4,-12.5,11.5,3,0,4,20,2
2011,S,1,-3,-22,3,1,2,2,2
2011,N,2,2.5,6.5,3,4,9,21,2
2011,S,3,-38.5,-53.5,3,0,6,20,2
2011,S,3,-35.5,-53.5,3,1,0,20,2
2011,N,3,12.5,-27.5,3,0,2,20,2
2011,S,3,-15.5,7.5,3,0,4,20,2
2011,S,3,-18.5,5.5,3,0,7,20,2
2011,S,3,-0.5,1.5,3,0,4,9,2
2011,S,3,-14.5,7.5,3,0,2,3,2
2012,S,1,-10.5,-1.5,3,0,5,20,2
2012,S,4,-8.5,-18.5,3,2,8,20,2
2012,S,4,-0.5,6.5,3,2,11,20,2
2012,N,4,43.5,-52,3,0,1,20,2
2012,S,2,-32.5,12.5,3,2,7,20,2
2012,S,2,-31,12.5,3,1,13,20,2
2012,N,3,0.5,6.5,3,2,7,20,2
2013,N,4,7.5,-28.5,3,3,6,19,2
2013,S,1,-11.5,2.5,3,0,7,20,2
2013,S,1,-13.5,-3.5,3,2,9,20,2
2013,N,1,5.5,-17.5,3,4,8,20,2
2013,S,2,-5.5,8.5,3,3,7,20,2
2013,S,3,-12.5,10.5,3,0,4,20,2
2013,S,3,-42.5,12.5,3,0,7,7,2
2014,S,1,-7.5,-12.5,3,8,11,39,2
2014,N,4,48.5,-47.5,3,0,2,55,2
2014,S,4,-9.5,1.5,3,0,9,20,2
2014,S,4,-7.5,3.5,3,1,5,20,2
2014,S,4,-6.5,3.5,3,0,8,20,2
2014,S,4,-5.5,3.5,3,0,9,14,2
2014,N,1,9.5,-21.5,3,0,3,20,2
2014,S,1,-12.5,7.5,3,0,6,20,2
2014,S,1,-11.5,6.5,3,0,3,20,2
2014,S,2,-41.5,-12.5,3,0,5,9,2
2014,S,2,-42.5,-2.5,3,0,9,20,2
2014,S,3,-9.5,11.5,3,0,5,20,2
2014,S,3,-6.5,10.5,3,1,6,20,2
2015,S,1,-8.5,-0.5,3,0,4,20,2
2015,S,1,-7.5,-1,3,3,5,20,2
2015,S,1,-7.5,-7.5,3,10,13,45,2
2015,N,1,1.5,-22.5,3,2,14,33,2
2016,S,1,-8,-22.5,3,2,0,2,2
2016,N,4,13.5,-21.5,3,0,4,15,2
2016,N,4,5.5,-22.5,3,3,4,20,2
2016,S,2,-7,-28,3,3,0,8,2
2016,S,2,-44.5,-2.5,3,0,18,20,2
2016,S,2,-44.5,-0.5,3,0,23,20,2
2016,S,3,-42.5,-2,3,0,30,82,2
2016,S,3,-2.5,-6.5,3,3,15,29,2
2017,N,4,15.5,-17.5,3,0,1,20,2
2017,N,4,20.5,-19.5,3,1,5,20,2
2017,N,1,2.5,-17.5,3,3,16,40,2
2017,S,3,-21.5,2.5,3,1,6,20,2
2018,S,4,-18.5,7.5,3,0,6,20,2
2018,S,4,-16.5,8.5,3,0,5,20,2
2018,N,4,14.5,-28.5,3,2,1,20,2
2018,N,1,10.5,-31,3,4,6,20,2
2018,N,1,11.5,-32.5,3,1,7,20,2
2018,N,1,11.5,-31.5,3,2,5,20,2
2018,S,1,-35.5,12.5,3,1,2,3,2
2018,N,1,11.5,-33.5,3,1,1,20,2
2018,N,1,7.5,-20.5,3,1,3,20,2
2018,N,1,8.5,-23.5,3,1,6,20,2
2018,N,1,8.5,-20.5,3,1,3,20,2
2018,S,2,-33.5,7.5,3,0,6,9,2
2018,N,2,5.5,-28.5,3,2,9,20,2
2018,S,2,-41.5,5.5,3,0,7,20,2
2018,S,3,-15.5,7,3,0,7,20,2
2018,N,3,23,-22,3,0,1,2,2
1990,S,1,-13,-1,10,0,4,4,2
1990,S,1,-6.5,-14.5,10,8,19,20,2
1990,S,1,-6.5,-18.5,10,29,25,20,2
1990,S,1,-7.5,-27.5,10,47,24,19,2
1990,S,4,-17.5,8,10,1,31,20,2
1990,S,4,-15.5,7.5,10,0,32,20,2
1990,N,4,22.5,-22.5,10,74,55,33,2
1990,N,4,9.5,-31.5,10,0,0,1,2
1990,S,4,-16.5,8.5,10,1,26,20,2
1990,N,4,28.5,-18.5,10,7,10,8,2
1990,N,4,13,-23.5,10,3,2,6,2
1990,N,4,42.5,-52.5,10,6,152,74,2
1990,S,1,-5.5,-11.5,10,8,23,18,2
1990,S,1,-9.5,-15.5,10,17,23,20,2
1990,S,1,-8.5,-18.5,10,21,23,20,2
1990,S,1,-5.5,-5.5,10,2,4,4,2
1990,S,1,-8.5,-17.5,10,20,29,20,2
1990,N,1,22.5,-21.5,10,5,9,9,2
1990,N,1,31.5,-11.5,10,1,5,5,2
1990,N,1,8.5,-22.5,10,9,17,20,2
1990,S,2,-36.5,16.5,10,4,20,8,2
1990,S,2,-1.5,-22.5,10,9,35,25,2
1990,N,2,32.5,-27.5,10,11,34,22,2
1990,S,2,-37.5,18.5,10,0,15,5,2
1990,N,2,0.5,-21.5,10,0,4,3,2
1990,N,2,16.5,-17.5,10,0,4,2,2
1990,N,3,19.5,-33,10,13,7,4,2
1990,N,3,37,-61.5,10,11,9,4,2
1991,N,1,34,-52,10,11,15,4,2
1991,N,1,8.5,-39.5,10,0,0,1,2
1991,S,4,-13,2.5,10,1,7,10,2
1991,S,4,-27.5,11.5,10,0,9,5,2
1991,S,4,-6,2.5,10,0,2,2,2
1991,N,4,2.5,-8.5,10,6,16,15,2
1991,S,4,-18.5,8.5,10,1,44,20,2
1991,S,4,-17.5,9.5,10,1,24,20,2
1991,S,4,-35.5,16.5,10,2,1,1,2
1991,S,4,-8.5,8,10,1,7,6,2
1991,N,4,49.5,-34.5,10,0,6,1,2
1991,S,4,-7,-11.5,10,14,22,16,2
1991,N,4,11.5,-81.5,10,36,14,12,2
1991,N,4,16.5,-22.5,10,2,0,1,2
1991,S,1,-2.5,-12.5,10,4,12,5,2
1991,N,1,31.5,-57,10,7,3,2,2
1991,N,1,30.5,-64.5,10,2,0,1,2
1991,S,1,-30.5,-40.5,10,1,3,1,2
1991,N,1,12,-32,10,5,6,12,2
1991,S,2,-22.5,2.5,10,6,7,3,2
1991,S,2,-8,8.5,10,0,1,2,2
1991,N,2,37,-18,10,0,3,2,2
1991,S,2,-7,-17.5,10,6,12,8,2
1991,S,2,-7.5,-17.5,10,23,32,21,2
1991,S,2,-0.5,-23.5,10,12,35,22,2
1991,S,3,-27.5,6.5,10,2,19,14,2
1991,S,3,-23,8,10,0,25,16,2
1991,S,3,-36.5,17.5,10,0,40,13,2
1991,N,3,11.5,-77.5,10,19,10,7,2
1991,N,3,13.5,-51.5,10,10,4,5,2
1991,N,3,36.5,-44.5,10,1,2,1,2
1992,N,1,12.5,-21.5,10,2,12,15,2
1992,N,1,17.5,-18.5,10,1,7,8,2
1992,S,4,-14.5,5.5,10,0,10,20,2
1992,S,4,-11.5,6.5,10,0,24,20,2
1992,S,4,-10.5,9.5,10,1,17,19,2
1992,N,4,36.5,-36.5,10,3,0,3,2
1992,S,4,-7.5,-7.5,10,17,69,52,2
1992,S,1,-24.5,9.5,10,1,6,1,2
1992,N,1,12.5,-79.5,10,0,0,1,2
1992,N,1,31.5,-57.5,10,1,1,2,2
1992,S,2,-22.5,1.5,10,21,65,18,2
1992,N,2,14.5,-72.5,10,8,3,3,2
1992,S,3,-6.5,-12.5,10,7,10,11,2
1992,N,3,37.5,-17.5,10,2,12,12,2
1992,N,3,12,-27.5,10,20,51,54,2
1992,N,3,40.5,-47.5,10,0,3,1,2
1993,S,1,-3,-2,10,2,5,4,2
1993,N,1,42.5,-43.5,10,3,13,7,2
1993,S,4,-13.5,8,10,0,14,20,2
1993,S,4,-15.5,9.5,10,1,19,19,2
1993,S,4,-2,-12.5,10,1,3,4,2
1993,N,4,17.5,-19.5,10,2,16,20,2
1993,N,4,17.5,-20.5,10,2,5,9,2
1993,N,4,33.5,-28.5,10,0,3,1,2
1993,N,4,42.5,-52.5,10,27,157,82,2
1993,S,4,-19.5,6.5,10,5,49,20,2
1993,S,4,-19.5,9.5,10,0,42,20,2
1993,S,4,-6.5,-18.5,10,20,35,24,2
1993,N,4,16.5,-18.5,10,1,16,20,2
1993,N,4,21.5,-18.5,10,0,5,6,2
1993,S,4,-6.5,-11.5,10,3,13,10,2
1993,S,4,-8.5,10.5,10,0,0,1,2
1993,S,4,-7.5,8.5,10,2,9,13,2
1993,S,2,-17.5,7,10,1,48,28,2
1993,S,2,-26.5,-2.5,10,5,7,7,2
1993,N,2,32.5,-27.5,10,32,101,58,2
1993,S,3,-28.5,2.5,10,1,20,11,2
1993,S,3,-38.5,17.5,10,2,41,25,2
1993,S,3,-1.5,0.5,10,6,18,20,2
1993,S,3,-0.5,6.5,10,0,3,1,2
1993,S,3,-18.5,8,10,1,24,12,2
1993,S,3,-23,7.5,10,3,12,8,2
1993,S,3,-7.5,3.5,10,1,17,19,2
1993,N,3,13.5,-72.5,10,70,36,29,2
1994,S,1,-5.5,0,10,3,14,14,2
1994,S,4,-19.5,10.5,10,0,19,20,2
1994,S,4,-16.5,10.5,10,0,12,20,2
1994,S,4,-27.5,6.5,10,0,19,13,2
1994,S,4,-32.5,12.5,10,2,12,9,2
1994,N,4,19.5,-18.5,10,2,11,20,2
1994,N,4,22.5,-18.5,10,0,1,2,2
1994,N,4,44.5,-48,10,0,0,2,2
1994,N,4,44.5,-52.5,10,0,19,20,2
1994,S,4,-32.5,16.5,10,3,109,68,2
1994,S,4,-7.5,-22.5,10,46,48,40,2
1994,S,4,-8.5,-27.5,10,28,32,21,2
1994,S,4,-1.5,0.5,10,16,47,25,2
1994,N,4,17.5,-17.5,10,0,13,20,2
1994,N,4,19,-22.5,10,2,4,2,2
1994,S,1,-14.5,-2.5,10,8,24,20,2
1994,S,1,-12.5,0,10,2,5,20,2
1994,N,1,7.5,-37.5,10,3,5,7,2
1994,N,1,8,-27,10,4,12,12,2
1994,S,2,-7.5,-17.5,10,3,2,7,2
1994,S,2,-27.5,7.5,10,26,75,38,2
1994,S,2,-8.5,-2,10,0,24,16,2
1994,N,2,6.5,-39.5,10,6,7,5,2
1994,S,2,-33,3,10,0,5,2,2
1994,S,2,-7.5,-8,10,12,21,20,2
1994,N,2,2.5,-26.5,10,5,19,11,2
1994,N,2,6.5,-34.5,10,0,2,1,2
1994,S,3,-8.5,11,10,0,2,2,2
1994,N,3,12.5,-70.5,10,2,1,1,2
1994,S,3,-11.5,8.5,10,2,22,34,2
1994,S,3,-23.5,-1,10,0,1,2,2
1994,S,3,-27.5,7.5,10,9,64,46,2
1994,S,3,-33.5,11.5,10,1,24,11,2
1994,S,3,-19.5,10.5,10,0,18,20,2
1994,S,3,-17.5,10.5,10,0,8,20,2
1994,N,3,36.5,-69.5,10,1,2,1,2
1995,N,1,48,-22,10,0,5,4,2
1995,S,4,-17.5,7.5,10,0,23,20,2
1995,S,4,-19.5,9.5,10,0,27,20,2
1995,S,4,-8.5,-22.5,10,14,33,23,2
1995,N,4,37.5,-33.5,10,4,25,10,2
1995,S,4,-17.5,10.5,10,0,12,20,2
1995,S,4,-19.5,8.5,10,1,37,20,2
1995,N,1,31.5,-23.5,10,1,5,5,2
1995,S,2,-17.5,1.5,10,10,36,29,2
1995,S,2,-22.5,1.5,10,39,81,35,2
1995,S,2,-27.5,12.5,10,19,259,79,2
1995,S,2,-28.5,15.5,10,1,0,4,2
1995,S,2,-22.5,3.5,10,13,57,29,2
1995,S,2,-26.5,-11.5,10,2,2,2,2
1995,N,2,12.5,-27.5,10,1,10,11,2
1995,S,3,-22.5,-2.5,10,8,45,21,2
1995,S,3,-30.5,12.5,10,3,53,20,2
1995,S,3,-1.5,-18.5,10,1,6,8,2
1995,N,3,18,-27.5,10,11,13,20,2
1995,S,3,-10.5,2.5,10,0,14,20,2
1995,S,3,-10.5,6.5,10,1,22,20,2
1995,S,3,-16.5,3.5,10,0,27,20,2
1995,S,3,-15.5,10.5,10,0,3,9,2
1995,S,3,-18.5,10.5,10,0,7,20,2
1995,S,3,-17.5,7.5,10,1,100,72,2
1995,S,3,-22.5,7.5,10,6,78,43,2
1995,N,3,5.5,-27.5,10,1,0,1,2
1996,S,1,-12.5,-7.5,10,28,87,68,2
1996,S,1,-7.5,-9.5,10,6,28,20,2
1996,S,1,-7.5,-8.5,10,14,23,20,2
1996,S,1,-6.5,-0.5,10,8,27,20,2
1996,S,1,-3.5,-11.5,10,6,19,20,2
1996,N,1,13.5,-28.5,10,7,17,20,2
1996,N,1,6.5,-22.5,10,12,23,20,2
1996,S,4,-7.5,1.5,10,1,10,6,2
1996,N,4,48.5,-42.5,10,0,57,28,2
1996,S,4,-16.5,-2.5,10,11,27,17,2
1996,S,4,-15.5,8.5,10,0,3,20,2
1996,S,4,-18.5,6.5,10,7,22,20,2
1996,N,4,2.5,-27.5,10,25,30,18,2
1996,N,4,1.5,3,10,7,19,12,2
1996,N,4,37.5,-36.5,10,13,27,20,2
1996,N,4,41.5,-51.5,10,1,29,20,2
1996,N,4,41.5,-68.5,10,0,1,9,2
1996,N,4,5.5,-22.5,10,14,19,20,2
1996,S,1,-7.5,-5.5,10,5,21,20,2
1996,S,1,-6.5,-7.5,10,6,17,20,2
1996,N,1,28.5,-37.5,10,18,21,16,2
1996,N,1,7.5,-33.5,10,8,21,20,2
1996,S,1,-5.5,-18.5,10,13,26,20,2
1996,S,1,-6.5,-8.5,10,9,24,20,2
1996,N,1,24.5,-19.5,10,0,1,1,2
1996,N,1,31.5,-16.5,10,7,18,17,2
1996,S,2,-13,-6,10,0,1,2,2
1996,S,2,-28.5,12.5,10,4,30,20,2
1996,S,2,-32.5,2.5,10,16,73,39,2
1996,N,2,8.5,-48.5,10,5,2,3,2
1996,S,2,-42.5,14.5,10,0,38,20,2
1996,S,2,-40.5,12.5,10,0,31,20,2
1996,S,2,-7,-22.5,10,18,30,20,2
1996,N,2,12.5,-27.5,10,22,54,52,2
1996,N,2,39.5,-13,10,0,17,20,2
1996,N,2,36.5,-21.5,10,3,16,20,2
1996,N,2,10.5,-33.5,10,11,26,20,2
1996,N,2,14.5,-30.5,10,2,3,4,2
1996,N,3,27.5,-21.5,10,23,30,26,2
1997,S,1,-7.5,-6.5,10,9,19,20,2
1997,S,1,-5.5,-8.5,10,15,19,20,2
1997,S,1,-9.5,-6.5,10,8,33,20,2
1997,S,1,-9.5,-0.5,10,2,20,20,2
1997,N,1,9.5,-27,10,9,19,20,2
1997,S,4,-16.5,7.5,10,0,21,20,2
1997,S,4,-16.5,8.5,10,1,15,20,2
1997,S,4,-1.5,-2.5,10,16,41,20,2
1997,S,4,-0.5,-2.5,10,11,45,20,2
1997,N,4,46.5,-41.5,10,1,40,20,2
1997,N,4,11.5,-26.5,10,12,17,20,2
1997,S,1,-10.5,-2.5,10,5,12,20,2
1997,S,1,-6.5,-8.5,10,10,25,20,2
1997,S,1,-5.5,-5.5,10,3,8,9,2
1997,S,1,-8.5,-9.5,10,8,19,20,2
1997,N,1,11.5,-32,10,4,14,20,2
1997,S,1,-27,-1,10,4,8,4,2
1997,S,1,-7.5,-11,10,13,24,20,2
1997,N,1,23.5,-22.5,10,56,82,79,2
1997,N,1,30.5,-23.5,10,10,22,20,2
1997,N,1,38,-27.5,10,1,4,6,2
1997,S,2,-26.5,3.5,10,11,26,20,2
1997,N,2,22.5,-26.5,10,90,93,87,2
1997,N,2,34.5,-21.5,10,3,13,20,2
1997,S,2,-6.5,7.5,10,3,25,20,2
1997,S,2,-5.5,8.5,10,1,25,20,2
1997,N,2,9.5,-47.5,10,0,1,1,2
1997,N,2,13.5,-26.5,10,9,19,20,2
1997,S,3,-22.5,1.5,10,2,5,3,2
1997,N,3,2,-17.5,10,3,13,10,2
1997,S,3,-19.5,10.5,10,0,20,20,2
1997,S,3,-2.5,-7,10,1,1,2,2
1998,N,1,37,-67.5,10,8,8,8,2
1998,N,1,8.5,-24.5,10,11,20,20,2
1998,N,1,9.5,-20.5,10,1,11,6,2
1998,N,4,19.5,-19.5,10,4,14,20,2
1998,N,4,17.5,-22.5,10,17,31,35,2
1998,N,4,41.5,-47.5,10,0,2,3,2
1998,S,4,-19.5,0.5,10,2,45,20,2
1998,S,4,-13.5,-12,10,11,22,16,2
1998,S,4,-12.5,1.5,10,0,6,8,2
1998,S,4,-15.5,6.5,10,0,21,20,2
1998,N,4,42.5,-53.5,10,0,37,20,2
1998,N,1,27.5,-27,10,21,17,20,2
1998,N,1,6.5,-26.5,10,12,22,20,2
1998,N,1,7.5,-29.5,10,6,19,20,2
1998,N,1,8.5,-27.5,10,11,26,20,2
1998,N,1,6.5,-31.5,10,13,26,20,2
1998,N,1,13.5,-22.5,10,3,15,20,2
1998,N,2,34.5,-12.5,10,2,19,20,2
1998,S,2,-5.5,-20.5,10,1,5,4,2
1998,N,2,16.5,-32.5,10,2,4,4,2
1998,S,2,-6.5,-17.5,10,11,29,20,2
1998,N,2,13,-77.5,10,37,23,14,2
1998,N,2,37.5,-68.5,10,11,25,17,2
1998,S,3,-17.5,10.5,10,0,22,20,2
1998,S,3,-26.5,7.5,10,0,4,3,2
1998,N,3,2.5,-21.5,10,22,36,36,2
1998,N,3,6.5,-40.5,10,1,3,1,2
1998,S,3,-42.5,-2.5,10,0,21,10,2
1998,S,3,-1.5,7.5,10,8,32,28,2
1998,S,3,-39.5,15.5,10,1,24,20,2
1998,S,3,-35.5,19.5,10,1,0,13,2
1998,S,3,-8,2.5,10,2,1,6,2
1998,N,3,16.5,-17.5,10,3,22,20,2
1998,N,3,17.5,-18,10,1,14,20,2
1998,N,3,22,-27,10,5,3,4,2
1999,N,1,3.5,-22.5,10,1,6,7,2
1999,N,1,28.5,-36.5,10,1,4,4,2
1999,N,1,43.5,-36.5,10,0,2,1,2
1999,N,1,6.5,-25.5,10,11,30,20,2
1999,N,1,7.5,-26.5,10,11,23,20,2
1999,S,4,-5.5,-3.5,10,6,33,20,2
1999,S,4,-3.5,5.5,10,2,1,1,2
1999,N,4,47.5,-47.5,10,0,6,55,2
1999,S,1,-12.5,-12.5,10,19,25,19,2
1999,N,1,12.5,-27,10,34,70,80,2
1999,N,1,7.5,-26.5,10,4,18,20,2
1999,N,1,9.5,-27.5,10,4,20,20,2
1999,N,1,6.5,-26.5,10,5,26,20,2
1999,N,2,6.5,-22,10,6,15,20,2
1999,S,2,-38.5,19.5,10,1,9,5,2
1999,S,2,-7.5,-2.5,10,5,13,15,2
1999,S,2,-15.5,10.5,10,0,13,20,2
1999,S,2,-28.5,8,10,1,34,20,2
1999,S,2,-37,12.5,10,0,13,6,2
1999,S,2,-44.5,16.5,10,0,59,20,2
1999,S,2,-42.5,16.5,10,0,47,20,2
1999,S,3,-12.5,2,10,6,24,26,2
1999,N,3,12.5,-77.5,10,140,47,43,2
1999,N,3,38,-24.5,10,1,8,8,2
1999,S,3,-17,3,10,0,5,2,2
1999,N,3,11.5,-38.5,10,1,0,1,2
2000,S,4,-15.5,2.5,10,4,21,20,2
2000,S,4,-15.5,8.5,10,0,16,20,2
2000,S,4,-17.5,8.5,10,1,18,20,2
2000,N,4,42.5,-52,10,0,34,20,2
2000,S,4,-5.5,-3.5,10,4,26,20,2
2000,S,4,-5.5,4.5,10,0,2,1,2
2000,N,4,22.5,-43.5,10,108,53,39,2
2000,N,4,44.5,-50.5,10,0,0,19,2
2000,N,4,42.5,-50.5,10,0,32,20,2
2000,N,4,7.5,-16,10,4,10,8,2
2000,N,1,12.5,-26.5,10,3,20,20,2
2000,S,1,-8.5,7.5,10,7,15,13,2
2000,N,1,14.5,-27.5,10,4,23,20,2
2000,N,1,32.5,-17.5,10,18,110,99,2
2000,N,1,5.5,-34,10,13,30,20,2
2000,S,2,-19.5,10.5,10,2,21,20,2
2000,S,2,-33.5,8.5,10,3,12,11,2
2000,N,2,11.5,-25.5,10,4,21,20,2
2000,N,2,15.5,-20.5,10,0,3,3,2
2000,N,2,37.5,-17.5,10,4,53,67,2
2000,N,2,7.5,-16.5,10,1,1,3,2
2000,S,2,-22.5,7.5,10,4,18,11,2
2000,S,2,-41.5,2.5,10,0,43,20,2
2000,N,2,8.5,-22.5,10,5,33,20,2
2000,S,2,-40.5,-1.5,10,0,42,20,2
2000,S,2,-41.5,1,10,0,54,20,2
2000,S,2,-44.5,6.5,10,0,38,20,2
2000,S,2,-7.5,1.5,10,2,13,9,2
2000,N,3,17,-27.5,10,18,21,20,2
2001,N,1,10.5,-33.5,10,9,22,20,2
2001,N,1,40.5,-64.5,10,0,2,1,2
2001,S,4,-7.5,-22.5,10,41,63,48,2
2001,S,4,-2.5,-7.5,10,25,90,54,2
2001,N,4,23.5,-18.5,10,3,4,8,2
2001,N,4,22.5,-38,10,27,21,14,2
2001,S,1,-7.5,-12.5,10,29,90,64,2
2001,N,1,37.5,-37.5,10,2,9,7,2
2001,S,1,-12.5,2.5,10,3,30,39,2
2001,N,1,14.5,-33.5,10,13,15,20,2
2001,N,1,16.5,-42.5,10,22,19,12,2
2001,N,2,7.5,-43.5,10,4,4,5,2
2001,S,2,-42.5,2.5,10,0,203,85,2
2001,N,2,2.5,-13,10,4,7,4,2
2001,S,3,-38,16,10,0,9,8,2
2002,N,1,7.5,-27.5,10,23,70,63,2
2002,N,4,16.5,-18.5,10,5,40,55,2
2002,S,4,-12.5,6,10,1,15,20,2
2002,N,4,27.5,-43.5,10,51,27,35,2
2002,N,4,28.5,-72.5,10,26,23,20,2
2002,N,1,2.5,-23.5,10,13,25,20,2
2002,N,1,32.5,-57.5,10,79,93,97,2
2002,N,1,7.5,-32.5,10,9,27,21,2
2002,S,2,-27.5,1.5,10,12,36,21,2
2002,N,2,8.5,-22,10,4,9,8,2
2002,S,2,-41.5,3.5,10,0,38,20,2
2002,S,2,-40.5,9.5,10,0,6,3,2
2002,S,2,-42.5,5.5,10,0,48,20,2
2002,N,2,11,-50.5,10,17,7,6,2
2002,N,3,1.5,-21.5,10,4,36,20,2
2002,N,3,2.5,-23,10,7,33,20,2
2002,S,3,-32.5,7.5,10,1,59,33,2
2002,S,3,-11.5,7.5,10,0,4,5,2
2003,S,1,-7.5,-2.5,10,0,26,20,2
2003,N,1,2.5,-27.5,10,58,117,93,2
2003,S,4,-27.5,12.5,10,1,38,25,2
2003,S,4,-1.5,-28.5,10,5,5,9,2
2003,S,4,-15.5,1.5,10,1,16,20,2
2003,N,4,25.5,-74.5,10,32,27,20,2
2003,N,4,41.5,-33.5,10,0,1,1,2
2003,N,4,47.5,-28.5,10,0,16,20,2
2003,N,4,47.5,-26.5,10,0,22,20,2
2003,S,1,-8.5,-22.5,10,15,15,15,2
2003,N,1,4.5,-20.5,10,1,2,2,2
2003,N,1,6.5,-18.5,10,1,12,10,2
2003,N,1,7.5,-27.5,10,34,93,87,2
2003,S,1,-4.5,-1.5,10,3,32,20,2
2003,N,1,14.5,-31.5,10,4,15,15,2
2003,N,1,33,-56.5,10,7,13,16,2
2003,S,2,-22.5,1.5,10,13,35,23,2
2003,N,2,27.5,-57.5,10,89,86,81,2
2003,N,2,37.5,-21.5,10,1,20,21,2
2003,N,2,7.5,-32.5,10,6,22,20,2
2003,S,2,-37.5,-9.5,10,0,2,1,2
2003,S,2,-40.5,17.5,10,0,36,20,2
2003,S,2,-43.5,19.5,10,0,52,20,2
2003,N,2,2.5,-27.5,10,24,55,46,2
2003,N,2,12.5,-47,10,11,11,10,2
2003,S,2,-41.5,8.5,10,0,38,20,2
2003,S,2,-44.5,7.5,10,0,39,20,2
2003,S,3,-40.5,9.5,10,0,25,15,2
2004,S,1,-14.5,-4.5,10,6,24,20,2
2004,N,1,1.5,-22.5,10,21,33,36,2
2004,N,1,27.5,-42.5,10,30,31,44,2
2004,N,1,33,-53,10,18,29,32,2
2004,N,4,46.5,-17.5,10,0,20,20,2
2004,S,4,-19.5,10.5,10,0,13,20,2
2004,N,4,24.5,-16.5,10,2,4,4,2
2004,N,4,45.5,-27.5,10,0,20,20,2
2004,S,4,-4.5,-1,10,6,24,20,2
2004,N,4,12.5,-32.5,10,26,63,69,2
2004,N,4,27.5,-72.5,10,94,93,86,2
2004,S,1,-8.5,-12.5,10,14,53,49,2
2004,N,1,16.5,-37.5,10,34,26,31,2
2004,N,1,29.5,-58,10,18,13,20,2
2004,S,1,-7.5,-7.5,10,11,57,48,2
2004,S,1,-0.5,-6.5,10,10,27,20,2
2004,N,2,1.5,-32.5,10,48,84,59,2
2004,N,2,18.5,-24,10,1,4,4,2
2004,N,2,17.5,-57.5,10,25,10,9,2
2004,N,2,23.5,-28.5,10,9,12,9,2
2004,N,2,28,-58,10,3,6,4,2
2004,S,2,-11.5,-2,10,1,3,6,2
2004,S,3,-19,11,10,0,22,20,2
2004,N,3,1.5,-12.5,10,1,11,13,2
2004,S,3,-28.5,6.5,10,3,23,20,2
2004,N,3,21.5,-32.5,10,15,5,8,2
2005,S,1,-5.5,-8.5,10,7,31,20,2
2005,S,4,-8.5,-22.5,10,7,13,10,2
2005,N,4,23.5,-18.5,10,9,28,20,2
2005,N,4,12.5,-32,10,3,17,26,2
2005,S,4,-2,-2.5,10,25,81,64,2
2005,N,4,26.5,-70.5,10,24,25,20,2
2005,N,4,47.5,-38,10,0,29,20,2
2005,N,1,32.5,-52.5,10,40,90,69,2
2005,N,1,32.5,-12.5,10,4,64,83,2
2005,N,1,32.5,-32.5,10,18,61,60,2
2005,S,2,-3.5,-2.5,10,7,33,28,2
2005,N,2,26.5,-28,10,2,11,8,2
2005,N,2,32.5,-23.5,10,1,14,20,2
2005,N,2,36.5,-21.5,10,0,7,5,2
2005,N,2,27.5,-32.5,10,36,49,51,2
2005,N,2,30.5,-13,10,0,13,20,2
2005,N,2,33.5,-13,10,1,17,20,2
2005,N,2,34.5,-11,10,0,2,6,2
2005,N,2,7.5,-22.5,10,17,94,77,2
2005,S,2,-41.5,-7.5,10,0,30,17,2
2005,N,2,1,-37.5,10,2,3,4,2
2005,N,2,27.5,-33.5,10,51,60,65,2
2005,N,3,22.5,-22.5,10,29,56,64,2
2005,S,3,-35.5,14.5,10,0,1,1,2
2005,N,3,15.5,-19,10,2,10,20,2
2006,S,1,-12.5,-7.5,10,4,59,46,2
2006,N,1,32.5,-57.5,10,17,44,51,2
2006,S,4,-38,18,10,0,30,14,2
2006,S,4,-8,-11,10,2,3,2,2
2006,S,4,-2,-22.5,10,20,44,28,2
2006,S,4,-2,-27.5,10,11,36,26,2
2006,N,4,8,-32.5,10,1,6,2,2
2006,S,4,-12.5,-2.5,10,0,7,6,2
2006,N,1,14.5,-26.5,10,4,9,14,2
2006,N,2,31.5,-27,10,5,23,18,2
2006,S,2,-7.5,-22.5,10,20,44,32,2
2006,N,2,13.5,-26.5,10,3,26,25,2
2006,N,2,28.5,-42.5,10,12,28,22,2
2006,N,2,15.5,-18.5,10,1,22,20,2
2006,N,2,18.5,-18.5,10,2,20,20,2
2006,N,3,15.5,-18.5,10,2,14,20,2
2006,N,3,19.5,-17.5,10,0,18,20,2
2006,N,3,2.5,2.5,10,7,27,25,2
2006,N,3,10.5,-33.5,10,0,1,1,2
2007,N,1,47.5,-38.5,10,1,20,13,2
2007,N,4,8,-27,10,0,2,2,2
2007,N,4,7.5,-33,10,2,16,12,2
2007,S,4,-18.5,1.5,10,4,30,20,2
2007,S,4,-7.5,11.5,10,1,27,20,2
2007,S,4,-6.5,10.5,10,2,10,20,2
2007,S,4,-3.5,-13.5,10,2,35,20,2
2007,S,4,-0.5,-6.5,10,4,23,13,2
2007,N,1,9.5,-25.5,10,0,2,2,2
2007,N,1,13.5,-31.5,10,1,12,20,2
2007,N,1,13.5,-37.5,10,3,21,17,2
2007,N,1,29.5,-13.5,10,0,29,26,2
2007,N,1,5.5,-29.5,10,2,23,20,2
2007,N,1,9.5,-27,10,2,21,20,2
2007,N,2,12.5,-32,10,2,9,10,2
2007,N,2,29.5,-13.5,10,3,22,20,2
2007,N,2,7.5,-42.5,10,18,62,54,2
2007,S,3,-3.5,9.5,10,1,19,20,2
2007,S,3,-0.5,7.5,10,3,16,20,2
2007,N,3,12.5,-27.5,10,1,24,20,2
2007,S,3,-3.5,5.5,10,0,28,20,2
2007,S,3,-3.5,8.5,10,3,22,20,2
2007,S,3,-31.5,6.5,10,2,49,41,2
2008,N,1,2.5,-32.5,10,13,41,26,2
2008,N,1,8.5,-28.5,10,9,20,20,2
2008,S,4,-18.5,8.5,10,0,17,20,2
2008,S,4,-16.5,8,10,0,18,20,2
2008,S,4,-39,11.5,10,0,2,2,2
2008,S,4,-17.5,10.5,10,1,46,67,2
2008,S,4,-8.5,-3.5,10,2,29,20,2
2008,S,4,-8.5,2.5,10,4,13,20,2
2008,N,4,10.5,-32.5,10,2,20,20,2
2008,N,4,16.5,-18.5,10,0,8,20,2
2008,N,4,49.5,-12.5,10,0,1,1,2
2008,S,1,-14.5,-6.5,10,4,19,20,2
2008,S,1,-11.5,-5.5,10,3,13,20,2
2008,N,1,6.5,-28.5,10,6,21,20,2
2008,N,1,2.5,-26.5,10,11,28,20,2
2008,N,1,7.5,-24,10,4,21,20,2
2008,S,2,-36.5,18.5,10,2,23,20,2
2008,N,2,0.5,-2.5,10,3,33,20,2
2008,S,2,-41.5,3.5,10,0,39,20,2
2008,N,2,7.5,-34.5,10,1,1,2,2
2008,S,3,-32,3,10,0,15,6,2
2008,S,3,-41.5,19.5,10,0,31,20,2
2008,S,3,-43.5,16.5,10,0,46,20,2
2008,S,3,-2.5,-19,10,0,3,2,2
2008,N,3,12.5,-53.5,10,40,35,23,2
2008,N,3,31.5,-20.5,10,0,7,3,2
2008,N,3,45.5,-7.5,10,0,2,1,2
2008,S,3,-27.5,2.5,10,6,101,66,2
2008,N,3,49.5,-44.5,10,0,2,1,2
2008,N,3,8,-42,10,0,7,4,2
2009,S,1,-6.5,-15.5,10,13,22,20,2
2009,S,1,-8.5,-6.5,10,2,22,20,2
2009,N,1,13.5,-26.5,10,5,17,20,2
2009,N,1,14.5,-30.5,10,8,13,20,2
2009,S,4,-6.5,11.5,10,0,0,20,2
2009,S,4,-2.5,-12.5,10,5,45,31,2
2009,S,4,-7.5,-4,10,3,16,20,2
2009,N,4,1.5,6.5,10,2,25,15,2
2009,N,2,8.5,-21.5,10,3,15,20,2
2009,N,3,14.5,-77.5,10,50,21,20,2
2009,N,3,6.5,-13.5,10,3,35,35,2
2009,S,3,-16.5,10.5,10,0,13,20,2
2009,S,3,-28,7.5,10,0,3,4,2
2009,S,3,-8.5,11,10,0,26,20,2
2010,S,1,-10.5,-3.5,10,0,18,20,2
2010,S,1,-1.5,-1.5,10,0,11,6,2
2010,N,1,6.5,-23.5,10,6,11,20,2
2010,N,1,9.5,-20.5,10,0,4,4,2
2010,N,1,8.5,-26.5,10,4,30,20,2
2010,S,4,-19.5,7.5,10,0,33,20,2
2010,S,4,-16.5,6.5,10,1,17,20,2
2010,S,4,-18.5,8.5,10,0,25,20,2
2010,N,4,13.5,-77.5,10,12,16,14,2
2010,N,4,17.5,-32.5,10,11,29,23,2
2010,N,1,2.5,-18.5,10,4,12,14,2
2010,N,1,7.5,-22.5,10,4,13,20,2
2010,N,1,5.5,-29.5,10,6,28,20,2
2010,S,2,-7.5,2.5,10,9,82,75,2
2010,S,2,-3.5,-11.5,10,3,29,15,2
2010,S,2,-1,-15.5,10,4,6,4,2
2010,S,3,-12.5,-7,10,6,34,22,2
2010,S,3,-9.5,-5.5,10,0,1,3,2
2010,S,3,-8.5,11.5,10,0,14,20,2
2010,S,3,-7.5,10.5,10,0,16,20,2
2010,N,3,7.5,-32.5,10,1,5,5,2
2011,S,1,-7.5,-0.5,10,2,40,20,2
2011,S,4,-14.5,10.5,10,0,17,20,2
2011,S,4,-5.5,-15.5,10,1,3,1,2
2011,N,4,4.5,1,10,3,21,20,2
2011,S,4,-2.5,3.5,10,3,33,20,2
2011,S,4,-12.5,11.5,10,1,17,28,2
2011,N,1,9.5,-24.5,10,5,23,20,2
2011,N,1,9.5,-22.5,10,4,17,20,2
2011,N,1,5.5,-20.5,10,10,22,20,2
2011,N,2,1.5,7.5,10,2,33,20,2
2011,S,2,-2.5,7.5,10,4,34,20,2
2012,S,4,-17.5,1.5,10,0,32,20,2
2012,S,4,-10.5,12.5,10,0,6,7,2
2012,S,4,-8.5,-13,10,4,27,20,2
2012,S,1,-13.5,8.5,10,0,2,1,2
2012,N,1,2.5,-12.5,10,0,9,5,2
2012,N,1,5.5,-22.5,10,8,26,20,2
2012,N,1,9.5,-20.5,10,0,2,3,2
2012,S,2,-10.5,-10.5,10,0,3,1,2
2012,N,2,0.5,5.5,10,8,26,20,2
2012,N,2,12.5,-21.5,10,0,2,3,2
2012,S,2,-4.5,5.5,10,3,20,20,2
2012,S,2,-4.5,7.5,10,2,21,20,2
2012,S,3,-17.5,7.5,10,2,115,94,2
2012,N,3,18.5,-18.5,10,3,19,29,2
2012,N,3,17.5,-22,10,2,14,20,2
2013,S,1,-11.5,2.5,10,0,18,20,2
2013,S,4,-15.5,6.5,10,0,10,20,2
2013,S,4,-15.5,9.5,10,0,3,5,2
2013,S,4,-17.5,8.5,10,0,25,20,2
2013,N,4,13.5,-32.5,10,3,29,27,2
2013,N,4,5.5,-34,10,0,4,2,2
2013,N,4,44.5,-54.5,10,0,6,3,2
2013,N,1,6.5,-27.5,10,5,22,20,2
2013,N,2,12.5,-42.5,10,37,69,73,2
2013,S,2,-17.5,2.5,10,1,8,9,2
2013,S,2,-42.5,7.5,10,0,38,20,2
2013,S,2,-41.5,3.5,10,0,36,20,2
2013,S,2,-43.5,-3.5,10,0,43,20,2
2013,S,3,-17.5,5.5,10,0,26,20,2
2013,S,3,-22.5,1.5,10,0,25,20,2
2013,N,3,12.5,-22.5,10,6,44,47,2
2013,S,3,-5.5,10.5,10,0,10,12,2
2013,S,3,-6.5,8.5,10,0,2,1,2
2013,N,3,16.5,-28.5,10,4,16,20,2
2013,N,3,47.5,-46.5,10,0,2,17,2
2014,N,1,14.5,-34.5,10,4,22,20,2
2014,S,4,-8.5,2.5,10,0,6,9,2
2014,N,4,17.5,-32.5,10,5,28,26,2
2014,S,4,-17.5,1.5,10,3,65,46,2
2014,S,1,-8.5,4,10,0,18,20,2
2014,N,1,7.5,-22.5,10,5,27,20,2
2014,N,2,12.5,-38.5,10,4,20,20,2
2014,N,2,5.5,-23.5,10,2,24,20,2
2014,N,2,8.5,-32.5,10,5,27,23,2
2014,N,2,12.5,-27.5,10,9,76,67,2
2014,S,3,-18.5,9.5,10,0,15,20,2
2014,S,3,-17.5,5.5,10,0,17,20,2
2014,S,3,-15.5,5.5,10,0,17,20,2
2015,S,4,-22.5,2.5,10,0,27,20,2
2015,S,4,-32.5,7.5,10,0,3,1,2
2015,N,4,45.5,-48.5,10,0,11,20,2
2015,N,1,14.5,-33.5,10,5,20,20,2
2015,N,1,9.5,-20.5,10,0,21,14,2
2015,S,2,-8,-2.5,10,2,18,12,2
2015,S,2,-44.5,-4.5,10,0,45,20,2
2015,S,2,-43.5,-2.5,10,0,33,20,2
2015,S,2,-42.5,-4.5,10,0,46,20,2
2015,S,3,-28,1.5,10,0,16,8,2
2015,S,3,-20.5,4.5,10,0,36,17,2
2016,N,1,0.5,-19.5,10,0,1,1,2
2016,S,4,-19.5,0.5,10,0,31,20,2
2016,S,1,-12.5,-12.5,10,5,24,16,2
2016,N,1,5.5,-28,10,9,27,20,2
2016,N,1,7,-37,10,0,1,2,2
2016,N,3,19.5,-32.5,10,6,22,20,2
2017,N,1,7.5,-27.5,10,15,67,54,2
2017,N,4,47.5,-47.5,10,0,6,29,2
2017,N,4,12.5,-77.5,10,17,20,15,2
2017,S,4,-7.5,2.5,10,0,22,20,2
2017,S,1,-11.5,-11.5,10,0,17,11,2
2017,N,1,18.5,-29.5,10,2,10,11,2
2017,N,1,6.5,-22.5,10,2,15,20,2
2017,S,2,-40.5,-3.5,10,0,49,20,2
2017,S,2,-33.5,2.5,10,3,39,23,2
2017,S,2,-44.5,-9.5,10,0,2,20,2
2017,S,2,-43.5,-8.5,10,0,25,20,2
2017,N,2,13.5,-78.5,10,24,27,25,2
2017,S,2,-37.5,3.5,10,0,8,3,2
2017,N,2,13.5,-21.5,10,2,16,19,2
2017,S,3,-16.5,6.5,10,0,13,20,2
2017,S,3,-20.5,1.5,10,1,22,20,2
2018,N,1,17,-22.5,10,5,19,20,2
2018,S,4,-7.5,-28.5,10,2,5,7,2
2018,N,4,2.5,-26.5,10,1,10,5,2
2018,S,1,-10.5,-2.5,10,1,19,20,2
2018,N,1,1.5,-18,10,20,108,84,2
2018,S,2,-17.5,2.5,10,4,27,20,2
2018,N,2,4,-26.5,10,0,2,2,2
2018,S,2,-23.5,6.5,10,3,34,20,2
2018,S,2,-22.5,7.5,10,1,34,20,2
2018,S,2,-20.5,7.5,10,2,28,20,2
2018,S,2,-40.5,-3,10,0,30,20,2
2018,N,3,16.5,-32.5,10,1,3,5,2
2018,N,3,13.5,-22.5,10,2,19,20,2
2018,N,3,23.5,-26.5,10,3,10,8,2
1990,S,1,-8.5,-14,24,29,81,20,2
1990,S,1,-9.5,-24.5,24,53,83,20,2
1990,S,4,-8.5,-12.5,24,1,2,1,2
1990,S,4,-7.5,2.5,24,11,116,36,2
1990,S,4,-4.5,-6.5,24,9,102,20,2
1990,N,4,8.5,-18.5,24,2,8,5,2
1990,S,4,-7.5,-22.5,24,38,104,26,2
1990,S,1,-5.5,-13.5,24,12,67,20,2
1990,S,1,-7.5,-11.5,24,10,70,20,2
1990,S,1,-6.5,-12.5,24,10,85,20,2
1990,S,1,-7.5,-17.5,24,21,73,20,2
1990,S,1,-6.5,-17,24,17,73,20,2
1990,N,1,34.5,-7.5,24,0,2,1,2
1990,N,1,7.5,-23.5,24,27,132,40,2
1990,S,2,-5.5,-17.5,24,31,69,20,2
1990,N,2,35.5,-14.5,24,0,6,1,2
1990,S,2,-5.5,-11.5,24,7,49,11,2
1990,S,2,-9.5,-19.5,24,45,78,20,2
1990,N,2,38,-22.5,24,2,9,4,2
1990,S,3,-7.5,-21.5,24,19,73,20,2
1990,S,3,-6,0,24,4,16,4,2
1990,N,3,3,-12.5,24,14,122,28,2
1990,S,3,-7.5,8.5,24,2,36,10,2
1990,S,3,-1,-22.5,24,27,67,20,2
1990,S,3,-2.5,-26.5,24,24,84,20,2
1990,S,3,-1.5,1.5,24,10,94,20,2
1991,S,1,-8.5,-12.5,24,17,78,20,2
1991,S,1,-7.5,-15.5,24,26,71,20,2
1991,S,1,-6,-17.5,24,18,71,20,2
1991,S,1,-8.5,-18.5,24,34,61,20,2
1991,S,1,-5.5,-21,24,6,30,8,2
1991,S,1,-7.5,-1.5,24,21,186,53,2
1991,S,1,-2.5,-7.5,24,26,118,31,2
1991,S,4,-4.5,-7.5,24,17,82,20,2
1991,N,4,4.5,2.5,24,9,32,14,2
1991,S,4,-13.5,9.5,24,0,3,1,2
1991,S,4,-6.5,-19.5,24,27,65,20,2
1991,S,1,-9.5,-18.5,24,28,72,20,2
1991,S,1,-5.5,-17.5,24,19,68,20,2
1991,S,1,-9.5,-15.5,24,24,75,20,2
1991,S,1,-9.5,-26.5,24,0,3,1,2
1991,S,1,-6.5,-5.5,24,14,70,20,2
1991,S,1,0,-22.5,24,5,26,6,2
1991,S,1,-6.5,-12.5,24,6,64,20,2
1991,S,1,-2,-13,24,22,85,24,2
1991,N,1,7.5,-21.5,24,7,46,20,2
1991,S,2,-7.5,-24.5,24,35,75,20,2
1991,S,2,-2.5,-21.5,24,21,67,20,2
1991,S,2,-7.5,-24.5,24,47,61,20,2
1991,S,2,-7.5,-12.5,24,31,165,51,2
1991,S,2,-8.5,-16.5,24,27,58,20,2
1991,S,2,-5.5,-15.5,24,13,81,20,2
1991,S,2,-9.5,-22.5,24,55,64,20,2
1991,S,2,-5.5,-24.5,24,23,70,20,2
1991,S,3,-5.5,-23.5,24,20,74,20,2
1991,S,3,-7.5,-6.5,24,8,68,18,2
1991,N,3,12.5,-46.5,24,21,15,7,2
1991,S,3,-14,-23,24,8,24,4,2
1991,S,3,-19.5,10.5,24,0,13,7,2
1991,S,3,-1.5,-27.5,24,92,256,71,2
1991,N,3,11.5,-27.5,24,11,51,21,2
1992,S,1,-12.5,-7.5,24,7,31,9,2
1992,S,1,-6.5,-18.5,24,22,75,20,2
1992,S,1,-7.5,-16.5,24,14,82,20,2
1992,S,1,-5.5,-23.5,24,24,81,20,2
1992,S,1,-5.5,-22.5,24,23,65,20,2
1992,S,1,-1.5,-18.5,24,20,60,20,2
1992,S,1,-4.5,-23.5,24,42,78,20,2
1992,N,1,12.5,-21.5,24,5,61,19,2
1992,N,1,7.5,-22.5,24,77,270,86,2
1992,S,4,-12.5,7.5,24,3,65,37,2
1992,N,4,1,-47.5,24,5,2,2,2
1992,S,4,-2,-26.5,24,10,56,16,2
1992,S,4,-18.5,8.5,24,0,82,20,2
1992,S,4,-9.5,-17.5,24,24,78,20,2
1992,S,4,-6.5,-17.5,24,20,62,20,2
1992,S,4,-2.5,-27,24,11,54,14,2
1992,S,4,-3.5,-6.5,24,10,88,20,2
1992,S,4,-4.5,-0.5,24,11,83,20,2
1992,S,4,-3.5,-2.5,24,12,78,20,2
1992,N,4,7,-17,24,6,15,8,2
1992,S,1,-8.5,-12,24,24,61,20,2
1992,S,1,-6.5,-19.5,24,24,69,20,2
1992,S,1,-6.5,-18.5,24,25,57,20,2
1992,S,1,-7.5,-7.5,24,22,51,20,2
1992,N,1,7.5,-27.5,24,18,64,20,2
1992,N,1,9.5,-25.5,24,8,23,12,2
1992,S,1,-33.5,-9.5,24,1,9,1,2
1992,N,1,11.5,-22.5,24,13,79,35,2
1992,S,2,-9.5,-21.5,24,54,74,20,2
1992,S,2,-5.5,-23.5,24,27,67,20,2
1992,S,2,-6.5,-19,24,29,73,20,2
1992,N,3,5.5,-29.5,24,2,7,1,2
1992,N,3,10.5,-28.5,24,11,52,20,2
1992,N,3,12.5,-28,24,13,50,20,2
1992,S,3,-32,15.5,24,0,11,2,2
1992,N,3,21,-23.5,24,8,10,4,2
1993,S,1,-5.5,-11.5,24,10,71,20,2
1993,S,1,-7.5,-13.5,24,20,82,20,2
1993,S,1,-9.5,-8.5,24,7,64,20,2
1993,S,1,-5.5,-5.5,24,12,58,20,2
1993,S,1,-8.5,-7.5,24,15,56,20,2
1993,S,4,-2.5,-2.5,24,61,337,84,2
1993,S,4,-7.5,-11.5,24,3,20,5,2
1993,S,4,-2.5,-6.5,24,10,77,20,2
1993,S,1,-9.5,-8.5,24,7,64,20,2
1993,N,1,6.5,-24,24,21,73,20,2
1993,N,1,5.5,-29.5,24,18,83,20,2
1993,N,1,6.5,-26,24,18,65,20,2
1993,N,1,7.5,-32.5,24,73,279,73,2
1993,S,1,-6.5,-13.5,24,15,57,20,2
1993,S,1,-6.5,-10.5,24,19,88,20,2
1993,N,1,11.5,-22.5,24,4,33,12,2
1993,N,1,5.5,-25.5,24,16,83,20,2
1993,S,2,-7.5,-18.5,24,33,56,20,2
1993,S,2,-2.5,-17.5,24,80,364,97,2
1993,S,2,-7.5,-18.5,24,41,74,20,2
1993,S,2,-7.5,-17,24,21,65,20,2
1993,S,2,-2.5,-12.5,24,27,155,45,2
1993,S,2,-7.5,-15.5,24,26,73,20,2
1993,S,2,-8.5,-23.5,24,45,63,20,2
1993,S,2,-8.5,3,24,7,62,20,2
1993,N,2,31.5,-28.5,24,18,47,11,2
1993,N,2,6.5,-26.5,24,4,21,4,2
1993,S,3,-23,11,24,0,37,8,2
1993,S,3,-2.5,-22.5,24,14,60,20,2
1993,N,3,6.5,-28.5,24,11,25,13,2
1993,S,3,-2,-22.5,24,21,54,20,2
1993,N,3,2.5,-21,24,24,66,20,2
1993,S,3,-7.5,-21.5,24,22,51,20,2
1993,N,3,2.5,-12.5,24,17,98,28,2
1993,S,3,-2.5,-20.5,24,15,63,20,2
1993,N,3,4.5,-27.5,24,22,63,18,2
1994,S,1,-13.5,-0.5,24,3,44,20,2
1994,S,1,-7.5,-5.5,24,18,56,20,2
1994,S,1,-8.5,-4.5,24,11,55,20,2
1994,S,4,-7.5,-22.5,24,67,207,60,2
1994,S,4,-7.5,10.5,24,1,20,9,2
1994,S,4,-0.5,-3,24,18,70,20,2
1994,N,4,7.5,-42.5,24,33,147,37,2
1994,S,4,-7.5,-24.5,24,23,47,20,2
1994,S,4,-4.5,-8.5,24,16,66,20,2
1994,N,4,3,-6,24,3,13,4,2
1994,N,4,0.5,7.5,24,1,4,2,2
1994,S,4,-7.5,-18.5,24,27,61,20,2
1994,S,4,-0.5,-11.5,24,11,53,18,2
1994,S,4,-4.5,1.5,24,9,59,20,2
1994,N,4,10.5,-32,24,12,51,20,2
1994,N,4,13.5,-33,24,6,38,20,2
1994,N,4,9,-47.5,24,1,8,2,2
1994,S,1,-5.5,-14.5,24,18,75,20,2
1994,S,1,-6.5,-19.5,24,21,72,20,2
1994,S,1,-8.5,-16.5,24,19,61,20,2
1994,S,1,-8.5,-15.5,24,15,64,20,2
1994,S,1,-7.5,-19.5,24,26,58,20,2
1994,S,1,-9.5,-7.5,24,14,53,20,2
1994,N,1,6.5,-22.5,24,13,67,20,2
1994,N,1,7.5,-23.5,24,17,79,20,2
1994,N,1,7.5,-32.5,24,11,37,11,2
1994,S,1,-5.5,-18.5,24,20,70,20,2
1994,S,1,-5.5,-15.5,24,0,8,1,2
1994,S,1,-7.5,-7.5,24,59,316,91,2
1994,S,1,-2.5,-0.5,24,0,2,1,2
1994,N,1,7.5,-17.5,24,14,59,23,2
1994,N,1,6.5,-24.5,24,16,67,20,2
1994,S,2,-25.5,-18.5,24,4,4,1,2
1994,S,2,-28.5,6.5,24,53,192,47,2
1994,S,2,-6.5,-1.5,24,17,89,31,2
1994,S,2,-5.5,-15.5,24,0,1,1,2
1994,S,2,-22.5,-0.5,24,13,69,15,2
1994,S,2,-9.5,-18.5,24,26,69,20,2
1994,N,2,12.5,-23,24,0,11,4,2
1994,N,2,38,-29.5,24,2,3,2,2
1994,S,3,-13.5,-1.5,24,6,39,14,2
1994,S,3,-27.5,-1.5,24,27,222,49,2
1994,S,3,-7.5,-22.5,24,108,245,79,2
1994,N,3,11.5,-28.5,24,7,52,20,2
1994,N,3,14,-26,24,7,43,20,2
1994,N,3,9.5,-49.5,24,3,6,3,2
1994,S,3,-24.5,12.5,24,0,3,1,2
1994,N,3,13.5,-26.5,24,10,44,20,2
1994,S,3,-4.5,9.5,24,0,0,1,2
1994,N,3,21.5,-28,24,14,18,8,2
1994,N,3,7.5,-22.5,24,26,102,33,2
1995,S,1,-12.5,-12.5,24,31,93,25,2
1995,S,1,-9.5,-7.5,24,5,39,20,2
1995,S,1,-5.5,-8.5,24,10,63,20,2
1995,S,1,-9.5,-6.5,24,6,43,20,2
1995,S,1,-5.5,-2.5,24,12,66,20,2
1995,N,1,9.5,-20.5,24,3,16,5,2
1995,N,1,8.5,-24,24,19,50,20,2
1995,S,4,-2,-13.5,24,11,67,20,2
1995,N,4,2.5,-0.5,24,19,70,20,2
1995,N,4,22.5,-18.5,24,1,0,1,2
1995,S,4,-3.5,-7.5,24,17,60,20,2
1995,S,4,-3.5,-3.5,24,10,60,20,2
1995,N,4,6.5,-33.5,24,19,92,25,2
1995,S,4,-8.5,-14.5,24,7,58,20,2
1995,S,4,-7.5,-13,24,10,52,20,2
1995,S,4,-9.5,-2.5,24,7,49,20,2
1995,S,4,-2.5,-6.5,24,11,62,20,2
1995,S,4,-4.5,1.5,24,10,65,20,2
1995,N,4,7.5,-22.5,24,42,176,73,2
1995,N,4,8.5,-26.5,24,10,50,20,2
1995,S,1,-7.5,-11.5,24,9,51,20,2
1995,S,1,-8.5,-3.5,24,9,41,20,2
1995,S,1,-6.5,-1.5,24,6,54,20,2
1995,S,1,-8.5,7.5,24,1,4,3,2
1995,N,1,6.5,-24.5,24,18,62,20,2
1995,N,1,9.5,-28.5,24,15,65,20,2
1995,S,1,-13.5,-12.5,24,5,18,5,2
1995,N,1,7.5,-24.5,24,11,62,20,2
1995,N,1,8.5,-41.5,24,4,25,7,2
1995,S,2,-5.5,-17.5,24,10,22,12,2
1995,N,2,7.5,-27.5,24,30,185,72,2
1995,S,2,-27.5,6.5,24,22,111,23,2
1995,S,2,-9.5,-17.5,24,27,36,20,2
1995,S,2,-28.5,11,24,4,94,18,2
1995,N,2,11.5,-23.5,24,15,93,44,2
1995,N,2,22,-28.5,24,34,40,14,2
1995,N,2,8.5,-22,24,8,48,20,2
1995,N,2,9.5,-23,24,5,47,20,2
1995,N,3,10.5,-26.5,24,5,36,20,2
1995,N,3,12.5,-26.5,24,11,35,20,2
1995,N,3,11.5,-80.5,24,22,21,7,2
1995,S,3,-7.5,-27.5,24,30,59,19,2
1995,N,3,1.5,-0.5,24,4,45,18,2
1995,N,3,12.5,-32.5,24,48,210,87,2
1995,S,3,-1.5,-22.5,24,55,169,63,2
1995,N,3,21.5,-27.5,24,36,47,15,2
1995,N,3,36.5,-36.5,24,5,5,3,2
1996,S,1,-7.5,-12.5,24,12,39,20,2
1996,N,1,7.5,-37.5,24,2,3,2,2
1996,N,1,8.5,-46.5,24,3,3,2,2
1996,N,4,15.5,-18.5,24,3,17,20,2
1996,S,4,-12.5,2,24,3,57,42,2
1996,N,4,41.5,-42.5,24,6,24,8,2
1996,N,4,7.5,-22,24,14,43,20,2
1996,N,4,1.5,-6.5,24,5,30,12,2
1996,N,4,26.5,-22.5,24,81,99,56,2
1996,S,1,-10.5,-5.5,24,2,8,6,2
1996,S,1,-9.5,-11.5,24,9,32,20,2
1996,S,1,-5.5,-13.5,24,12,41,20,2
1996,S,1,-5.5,-10.5,24,5,34,20,2
1996,S,1,-8.5,-11.5,24,9,38,20,2
1996,N,1,31.5,-23.5,24,0,6,4,2
1996,S,1,-32.5,6.5,24,5,25,11,2
1996,S,1,-2,-7.5,24,17,57,26,2
1996,N,1,12.5,-32.5,24,9,38,20,2
1996,N,1,7.5,-22.5,24,3,19,20,2
1996,N,1,8.5,-26.5,24,11,35,20,2
1996,S,2,-26.5,5.5,24,11,53,20,2
1996,N,2,33.5,-24.5,24,3,30,20,2
1996,N,2,7.5,-32.5,24,20,44,30,2
1996,S,2,-27.5,7.5,24,52,282,97,2
1996,S,2,-37.5,-7.5,24,4,174,69,2
1996,S,2,-42.5,3.5,24,0,49,20,2
1996,S,2,-43.5,3.5,24,0,62,20,2
1996,S,2,-46.5,12.5,24,0,26,27,2
1996,S,2,-7.5,-17.5,24,20,26,20,2
1996,S,2,-40.5,-7,24,0,63,20,2
1996,S,2,-41.5,-1.5,24,0,66,20,2
1996,S,2,-43.5,-2.5,24,0,48,20,2
1996,S,2,-44.5,11.5,24,0,52,20,2
1996,S,3,-0.5,-23.5,24,22,59,34,2
1996,N,3,10.5,-32,24,8,28,20,2
1996,N,3,36.5,-17.5,24,8,55,39,2
1996,N,3,13.5,-36.5,24,15,35,21,2
1996,N,3,17.5,-28.5,24,19,30,20,2
1996,N,3,22.5,-22.5,24,129,156,96,2
1996,S,3,-22.5,9.5,24,0,9,5,2
1996,S,3,-32.5,10.5,24,0,4,1,2
1996,N,3,48,-23.5,24,1,20,8,2
1997,S,1,-13,-16.5,24,2,7,2,2
1997,N,1,12.5,-22,24,4,57,30,2
1997,N,1,7.5,-20.5,24,5,28,20,2
1997,N,1,5.5,-21.5,24,10,30,20,2
1997,N,1,6.5,-21.5,24,5,32,20,2
1997,S,4,-2.5,-28.5,24,4,8,3,2
1997,S,4,-4.5,-1.5,24,3,33,20,2
1997,S,4,-1.5,-4.5,24,6,69,20,2
1997,S,4,-6.5,6.5,24,0,1,1,2
1997,S,4,-7.5,-2.5,24,2,36,20,2
1997,N,4,13.5,-36.5,24,0,5,1,2
1997,N,4,16.5,-32.5,24,34,33,20,2
1997,N,1,17,-37.5,24,8,12,6,2
1997,N,1,7.5,-23.5,24,10,35,20,2
1997,N,1,7.5,-20.5,24,5,31,20,2
1997,N,1,8.5,-20.5,24,3,30,20,2
1997,S,1,-6.5,-16.5,24,13,42,20,2
1997,N,1,5.5,-27.5,24,14,47,20,2
1997,N,2,32.5,-10.5,24,3,28,20,2
1997,N,2,34.5,-11.5,24,1,32,20,2
1997,S,2,-7.5,-27.5,24,55,86,34,2
1997,N,2,14.5,-27.5,24,9,38,20,2
1997,N,2,32.5,-11.5,24,6,37,20,2
1997,N,2,30.5,-12.5,24,10,25,20,2
1997,N,2,33.5,-21.5,24,12,29,20,2
1997,S,2,-5.5,-15.5,24,8,17,9,2
1997,S,3,-40.5,3,24,0,43,14,2
1997,S,3,-8.5,-7.5,24,14,37,21,2
1997,S,3,-2.5,-12.5,24,2,30,13,2
1997,S,3,-2.5,2.5,24,8,45,23,2
1997,N,3,19.5,-17.5,24,4,14,17,2
1998,S,1,-11.5,-6.5,24,0,9,7,2
1998,S,1,-5.5,1.5,24,3,21,12,2
1998,N,1,11.5,-27.5,24,5,36,20,2
1998,N,1,8.5,-25.5,24,9,34,20,2
1998,S,4,-19.5,3.5,24,3,46,20,2
1998,N,4,2.5,-17.5,24,10,32,19,2
1998,N,4,17.5,-17.5,24,2,28,20,2
1998,S,4,-9.5,-1.5,24,7,24,20,2
1998,N,4,44.5,-45.5,24,0,12,5,2
1998,N,4,43.5,-47,24,0,57,20,2
1998,S,1,-6.5,-8.5,24,4,34,20,2
1998,N,1,32.5,-52.5,24,4,7,5,2
1998,S,1,-37.5,17.5,24,6,37,15,2
1998,N,1,14.5,-32.5,24,4,31,20,2
1998,N,1,7.5,-22.5,24,6,33,20,2
1998,N,2,28.5,-21.5,24,17,28,20,2
1998,S,2,-27.5,11.5,24,5,72,22,2
1998,S,2,-7.5,-27.5,24,35,67,27,2
1998,S,2,-42.5,14,24,0,54,20,2
1998,S,2,-43.5,8.5,24,0,65,20,2
1998,N,2,13.5,-26.5,24,5,21,20,2
1998,N,3,17.5,-18.5,24,1,22,20,2
1998,N,3,17.5,-32.5,24,52,90,56,2
1998,S,3,-11.5,6.5,24,0,12,7,2
1998,S,3,-36.5,19.5,24,0,61,20,2
1998,S,3,-38.5,17.5,24,3,33,20,2
1998,S,3,-43.5,5.5,24,0,4,1,2
1998,S,3,-7.5,-23.5,24,0,4,1,2
1998,S,3,-15.5,10.5,24,0,2,1,2
1999,S,4,-25.5,2.5,24,4,48,20,2
1999,S,4,-1.5,-2.5,24,5,23,12,2
1999,N,4,12.5,-77.5,24,99,64,31,2
1999,N,4,20.5,-18.5,24,5,37,20,2
1999,S,4,-17.5,8.5,24,2,36,20,2
1999,S,4,-8.5,-7.5,24,0,18,7,2
1999,N,4,48.5,-43.5,24,0,41,20,2
1999,N,4,49.5,-40.5,24,0,30,12,2
1999,N,4,46.5,-44.5,24,0,0,20,2
1999,N,4,47.5,-47.5,24,0,0,5,2
1999,N,4,8.5,-47,24,8,20,8,2
1999,N,4,23.5,-37.5,24,7,6,3,2
1999,N,4,40.5,-62.5,24,1,53,20,2
1999,N,4,48.5,-27.5,24,1,186,79,2
1999,S,1,-14.5,-3.5,24,3,29,20,2
1999,S,1,-7.5,-16.5,24,8,20,10,2
1999,N,1,9.5,-24.5,24,4,30,20,2
1999,N,1,9.5,-20.5,24,3,13,12,2
1999,N,1,6,-23,24,7,27,20,2
1999,N,1,6.5,-21.5,24,8,35,20,2
1999,N,1,27.5,-32.5,24,16,14,11,2
1999,N,1,31.5,-12.5,24,9,29,20,2
1999,N,1,6.5,-21.5,24,4,33,20,2
1999,S,2,-22.5,7.5,24,26,208,64,2
1999,S,2,-6.5,-26.5,24,26,41,19,2
1999,N,2,12.5,-27.5,24,3,11,12,2
1999,N,2,34.5,-8.5,24,2,23,10,2
1999,N,2,36.5,-8.5,24,0,0,1,2
1999,N,2,14.5,-72,24,9,9,2,2
1999,S,2,-41.5,11.5,24,0,65,20,2
1999,S,3,-44.5,18.5,24,0,72,20,2
1999,N,3,27.5,-18,24,4,13,10,2
1999,N,3,11.5,-28,24,9,38,20,2
1999,N,3,18.5,-19.5,24,4,23,20,2
1999,N,3,28.5,-31.5,24,7,2,3,2
2000,S,1,-8.5,-1,24,5,31,20,2
2000,S,1,-5.5,-3.5,24,7,32,20,2
2000,S,1,-5.5,-1.5,24,6,41,20,2
2000,S,1,-5.5,-0.5,24,13,33,20,2
2000,S,1,-9.5,1.5,24,2,33,20,2
2000,N,1,27,-42,24,16,19,10,2
2000,N,1,39.5,-48.5,24,2,4,1,2
2000,S,4,-14.5,8,24,0,24,20,2
2000,S,4,-19.5,10.5,24,0,25,20,2
2000,S,4,-33.5,-47.5,24,19,49,23,2
2000,S,4,-2.5,-22.5,24,4,47,16,2
2000,N,4,2,-1.5,24,3,6,2,2
2000,S,4,-8.5,-27.5,24,41,102,39,2
2000,N,4,2.5,-18.5,24,38,105,55,2
2000,S,4,-3.5,7.5,24,2,15,5,2
2000,N,4,26.5,-38.5,24,41,42,20,2
2000,S,1,-6.5,-4.5,24,7,33,20,2
2000,S,1,-6.5,2.5,24,2,30,20,2
2000,S,1,-5.5,-0.5,24,6,32,20,2
2000,S,1,-9.5,2,24,3,20,20,2
2000,N,1,1.5,-22.5,24,16,50,20,2
2000,N,1,14.5,-34.5,24,11,25,20,2
2000,N,1,15.5,-45.5,24,1,0,1,2
2000,S,1,-6.5,3.5,24,9,48,20,2
2000,N,1,12.5,-31.5,24,3,33,20,2
2000,N,1,13.5,-31.5,24,5,39,20,2
2000,N,1,9.5,-28.5,24,7,26,20,2
2000,N,1,6.5,-29,24,9,34,20,2
2000,S,2,-3.5,-3.5,24,1,4,2,2
2000,N,2,15.5,-17.5,24,0,1,3,2
2000,N,2,7.5,-22.5,24,10,27,20,2
2000,S,2,-44.5,16.5,24,0,106,20,2
2000,S,2,-16.5,7.5,24,1,29,20,2
2000,N,2,27.5,-31.5,24,6,8,7,2
2000,N,2,27.5,-53.5,24,21,11,9,2
2000,N,3,11.5,-27.5,24,5,29,20,2
2000,N,3,30.5,-74.5,24,5,2,1,2
2000,S,3,-17,10.5,24,0,17,14,2
2000,N,3,37.5,-62,24,17,28,6,2
2001,S,1,-8.5,-8.5,24,5,34,20,2
2001,S,1,-9.5,-4.5,24,1,42,20,2
2001,N,1,0.5,-1,24,3,14,6,2
2001,N,1,37.5,-59.5,24,0,0,1,2
2001,N,4,12.5,-42.5,24,6,29,14,2
2001,N,4,37,-37.5,24,7,35,16,2
2001,S,4,-17,7.5,24,2,29,20,2
2001,S,4,-18.5,5.5,24,2,57,20,2
2001,N,4,17.5,-17.5,24,1,25,27,2
2001,N,4,48.5,-46.5,24,0,0,20,2
2001,N,4,46.5,-48.5,24,0,1,20,2
2001,N,4,12.5,-27.5,24,13,57,47,2
2001,N,4,27.5,-22.5,24,42,48,37,2
2001,N,4,27.5,-42.5,24,56,67,37,2
2001,N,4,27.5,-53.5,24,8,9,5,2
2001,N,4,28.5,-63.5,24,2,1,1,2
2001,N,4,42.5,-46.5,24,0,51,20,2
2001,N,4,45.5,-48.5,24,0,0,20,2
2001,S,1,-14.5,-20.5,24,1,7,1,2
2001,S,1,-12.5,-7.5,24,10,48,29,2
2001,S,1,-36.5,-53,24,2,5,4,2
2001,S,1,-6.5,-8.5,24,3,41,20,2
2001,S,1,-5.5,-3.5,24,5,50,20,2
2001,S,1,-7.5,-3.5,24,6,31,20,2
2001,N,1,4.5,-23,24,14,43,20,2
2001,N,1,1.5,-22.5,24,7,57,20,2
2001,S,2,-28.5,-9.5,24,2,0,1,2
2001,S,2,-28.5,6,24,6,46,20,2
2001,S,2,-27.5,8.5,24,7,63,20,2
2001,N,2,12.5,-32.5,24,21,126,74,2
2001,N,2,7.5,-32.5,24,16,80,38,2
2001,S,2,-44.5,7,24,0,60,20,2
2001,N,2,7.5,-32.5,24,12,54,24,2
2001,S,2,-8.5,-33.5,24,22,38,14,2
2001,N,2,36.5,-47.5,24,7,28,12,2
2001,N,3,19.5,-27.5,24,16,28,20,2
2001,S,3,-33.5,16.5,24,0,141,43,2
2001,S,3,-32.5,12.5,24,5,172,68,2
2001,N,3,2.5,-22.5,24,40,143,52,2
2002,N,1,10.5,-31.5,24,8,28,20,2
2002,N,1,38.5,-47.5,24,1,1,2,2
2002,S,4,-12.5,7.5,24,2,48,35,2
2002,S,4,-7.5,7.5,24,4,44,33,2
2002,S,4,-12.5,-16.5,24,2,9,3,2
2002,N,4,0.5,-21.5,24,7,50,20,2
2002,N,4,1.5,-24.5,24,9,43,20,2
2002,N,1,0.5,-28,24,14,34,20,2
2002,N,1,27.5,-27.5,24,8,6,9,2
2002,N,1,6.5,-32.5,24,19,55,28,2
2002,S,1,-6.5,-18,24,4,48,20,2
2002,S,1,-1.5,-17.5,24,47,147,81,2
2002,N,1,14.5,-33.5,24,5,32,20,2
2002,N,1,11.5,-31,24,6,26,20,2
2002,N,1,12,-46.5,24,10,16,10,2
2002,N,1,30.5,-23.5,24,11,32,20,2
2002,N,1,30.5,-22.5,24,5,33,20,2
2002,N,1,33,-42.5,24,13,31,20,2
2002,N,2,2.5,-33.5,24,18,69,33,2
2002,N,2,38.5,-13.5,24,0,33,20,2
2002,S,2,-42.5,18.5,24,0,80,20,2
2002,S,2,-43.5,6.5,24,0,56,20,2
2002,N,2,12.5,-37.5,24,44,122,68,2
2002,N,2,18.5,-27.5,24,1,4,1,2
2002,N,2,27.5,-23.5,24,7,19,9,2
2002,N,2,32.5,-27.5,24,17,70,49,2
2002,S,2,-12.5,-17.5,24,3,4,3,2
2002,N,2,3.5,-27.5,24,15,49,20,2
2002,S,3,-1.5,-16.5,24,1,6,3,2
2002,S,3,-2.5,-27.5,24,7,12,7,2
2002,N,3,3.5,-27.5,24,19,39,20,2
2002,N,3,4.5,-27,24,14,39,20,2
2002,N,3,2,-37.5,24,7,20,10,2
2002,S,3,-2.5,-12.5,24,5,69,24,2
2002,N,3,12.5,-31.5,24,2,10,11,2
2003,N,1,2.5,-23.5,24,7,34,20,2
2003,N,1,27.5,-47.5,24,28,40,23,2
2003,S,4,-0.5,1.5,24,12,83,46,2
2003,S,4,-7.5,7.5,24,5,77,54,2
2003,S,4,-12.5,11.5,24,8,63,55,2
2003,S,4,-19.5,8.5,24,1,54,20,2
2003,S,4,-16.5,6.5,24,0,33,20,2
2003,N,4,2.5,-18,24,7,25,16,2
2003,N,4,22.5,-18.5,24,3,25,19,2
2003,N,4,45.5,-22.5,24,0,38,20,2
2003,N,4,7.5,-22.5,24,3,11,8,2
2003,S,1,-2.5,-3.5,24,6,33,15,2
2003,S,1,-44.5,-33.5,24,0,8,5,2
2003,N,1,2.5,-25.5,24,8,50,20,2
2003,N,1,34.5,-70.5,24,5,13,6,2
2003,N,2,27.5,-63,24,28,42,26,2
2003,N,2,37.5,-12.5,24,4,139,99,2
2003,S,2,-41.5,11.5,24,0,61,20,2
2003,N,2,1.5,-36.5,24,7,37,14,2
2003,S,3,-16.5,6,24,0,3,2,2
2003,S,3,-27.5,12,24,1,52,20,2
2003,S,3,-28.5,8,24,3,43,20,2
2003,S,3,-6.5,-11.5,24,2,21,11,2
2004,S,1,-7.5,-18.5,24,5,25,9,2
2004,S,1,-9.5,-3.5,24,1,27,20,2
2004,S,1,-8.5,-1.5,24,3,23,20,2
2004,S,1,-5.5,4,24,2,36,20,2
2004,S,1,-9.5,-1.5,24,2,29,20,2
2004,N,1,28.5,-71.5,24,29,30,20,2
2004,N,1,31.5,-65.5,24,2,5,3,2
2004,N,1,41.5,-41.5,24,1,18,10,2
2004,S,4,-11.5,8.5,24,0,19,17,2
2004,S,4,-27.5,1.5,24,4,93,32,2
2004,S,4,-28.5,7.5,24,2,42,20,2
2004,N,4,13,-25.5,24,1,4,2,2
2004,S,4,-16.5,5.5,24,1,27,20,2
2004,S,4,-16.5,8.5,24,0,30,20,2
2004,S,4,-16.5,9.5,24,0,23,20,2
2004,N,4,17,-37.5,24,27,37,18,2
2004,N,4,48.5,-13.5,24,2,30,20,2
2004,S,4,-9.5,-3.5,24,2,27,20,2
2004,S,4,-8.5,-0.5,24,2,25,20,2
2004,N,4,42.5,-48.5,24,0,49,20,2
2004,N,4,46.5,-32,24,1,42,20,2
2004,S,1,-6.5,-22.5,24,28,87,53,2
2004,S,1,-1.5,-3.5,24,12,36,20,2
2004,S,1,-0.5,-0.5,24,6,14,11,2
2004,S,1,-4.5,-0.5,24,2,31,20,2
2004,S,1,-3.5,-2.5,24,6,31,20,2
2004,S,1,-2.5,-4.5,24,4,33,20,2
2004,N,1,12.5,-33.5,24,3,20,20,2
2004,N,1,25.5,-63.5,24,31,33,20,2
2004,N,1,29.5,-63.5,24,24,32,20,2
2004,N,1,29.5,-61.5,24,24,44,20,2
2004,N,1,34.5,-58.5,24,18,36,20,2
2004,S,1,-18,7.5,24,1,7,2,2
2004,S,1,-3.5,-2.5,24,4,28,20,2
2004,S,2,-27.5,2.5,24,34,202,90,2
2004,S,2,-28.5,12.5,24,4,60,20,2
2004,N,2,33,-23.5,24,3,40,26,2
2004,N,2,31.5,-56.5,24,11,42,20,2
2004,N,2,10.5,-29.5,24,6,30,20,2
2004,N,2,10.5,-27.5,24,5,20,20,2
2004,S,3,-19.5,11.5,24,0,27,20,2
2004,N,3,13.5,-73.5,24,36,45,21,2
2004,N,3,15.5,-23.5,24,2,26,20,2
2004,S,3,-8,-27.5,24,13,43,20,2
2004,N,3,27.5,-27.5,24,64,81,54,2
2004,N,3,47.5,-12.5,24,3,205,94,2
2005,N,1,31.5,-57,24,16,34,20,2
2005,N,1,35.5,-66.5,24,28,37,20,2
2005,N,1,38.5,-68.5,24,0,35,20,2
2005,N,1,44.5,-28.5,24,0,8,5,2
2005,N,4,12.5,-39.5,24,1,16,10,2
2005,N,4,6.5,-38.5,24,0,3,1,2
2005,S,4,-15.5,5.5,24,0,19,20,2
2005,N,4,49.5,-27.5,24,1,37,17,2
2005,S,4,-9.5,3.5,24,2,43,20,2
2005,S,4,-8.5,3,24,2,30,20,2
2005,N,4,31.5,-73.5,24,21,30,20,2
2005,N,4,46.5,-31.5,24,0,41,20,2
2005,S,1,-6.5,-23.5,24,13,38,20,2
2005,N,1,13.5,-33.5,24,4,24,20,2
2005,N,1,37.5,-69.5,24,4,25,20,2
2005,N,1,10.5,-33.5,24,1,31,20,2
2005,N,1,14.5,-32.5,24,5,26,20,2
2005,N,1,12.5,-42.5,24,8,32,23,2
2005,N,1,22.5,-33.5,24,0,2,1,2
2005,N,2,2.5,-1.5,24,16,54,33,2
2005,N,2,16.5,-32.5,24,11,24,17,2
2005,N,2,33.5,-13.5,24,0,23,20,2
2005,N,2,8.5,-38,24,3,8,4,2
2005,N,2,7.5,-27.5,24,11,79,53,2
2005,N,2,10.5,-28.5,24,4,28,20,2
2005,N,2,14.5,-27.5,24,2,19,20,2
2005,N,2,20.5,-23.5,24,8,28,20,2
2005,S,3,-42.5,11.5,24,0,11,5,2
2005,N,3,15.5,-23.5,24,5,14,20,2
2005,N,3,34.5,-8.5,24,2,4,3,2
2006,N,1,26.5,-63.5,24,24,33,20,2
2006,N,4,49.5,-10.5,24,0,0,15,2
2006,N,4,46.5,-13.5,24,2,38,20,2
2006,N,4,46.5,-10.5,24,0,41,20,2
2006,N,4,48.5,-11.5,24,0,37,20,2
2006,S,4,-12.5,11.5,24,1,65,51,2
2006,S,4,-11.5,7.5,24,1,14,13,2
2006,S,4,-4.5,3.5,24,0,43,20,2
2006,S,4,-14.5,5.5,24,0,25,20,2
2006,S,4,-11.5,6.5,24,1,22,20,2
2006,S,4,-6.5,7.5,24,0,31,20,2
2006,N,1,14.5,-26.5,24,1,6,5,2
2006,N,1,18.5,-36.5,24,33,61,37,2
2006,N,1,28.5,-62.5,24,19,32,20,2
2006,N,1,36.5,-57.5,24,3,3,2,2
2006,S,1,-4.5,-8.5,24,5,50,20,2
2006,S,1,-2.5,-8.5,24,4,44,20,2
2006,S,1,-1.5,-1.5,24,10,39,20,2
2006,N,1,36,-17.5,24,0,13,8,2
2006,N,1,35.5,-43.5,24,6,34,20,2
2006,S,2,-3.5,8.5,24,1,3,1,2
2006,N,2,38,-12.5,24,2,15,12,2
2006,N,2,36.5,-41.5,24,2,27,19,2
2006,N,2,7.5,-32.5,24,5,75,40,2
2006,S,2,-17.5,6.5,24,2,34,20,2
2006,S,2,-42.5,12.5,24,0,216,61,2
2006,N,2,12.5,-32.5,24,16,54,41,2
2006,S,3,-8,-17.5,24,5,27,12,2
2006,S,3,-3.5,5.5,24,0,35,20,2
2006,S,3,-2.5,5.5,24,2,39,20,2
2006,N,3,19.5,-25.5,24,1,2,2,2
2006,N,3,16.5,-23.5,24,4,26,20,2
2006,N,3,16.5,-22.5,24,4,38,20,2
2006,S,3,-13.5,2.5,24,0,3,1,2
2006,S,3,-1.5,-22.5,24,22,124,62,2
2006,N,3,27,-17,24,0,3,2,2
2006,N,3,49.5,-13.5,24,0,47,20,2
2006,N,3,48,-6.5,24,0,0,4,2
2007,N,1,10.5,-34,24,3,27,20,2
2007,N,1,13.5,-34.5,24,7,28,20,2
2007,N,1,14.5,-30.5,24,4,35,20,2
2007,N,1,43,-18.5,24,0,4,4,2
2007,N,1,42,-58.5,24,1,70,30,2
2007,S,4,-18.5,9,24,0,26,20,2
2007,N,4,14,-26.5,24,0,19,10,2
2007,S,4,-7.5,-7.5,24,10,142,70,2
2007,N,4,45.5,-25.5,24,0,41,20,2
2007,N,4,47.5,-32.5,24,0,163,68,2
2007,S,1,-12,-2.5,24,0,13,10,2
2007,S,1,-8.5,0.5,24,1,32,20,2
2007,N,1,14.5,-32.5,24,2,37,20,2
2007,N,1,41,-61.5,24,0,10,2,2
2007,S,1,-1.5,-3.5,24,7,41,20,2
2007,S,1,-3.5,-3.5,24,5,54,20,2
2007,N,1,38,-37.5,24,0,5,2,2
2007,S,2,-1.5,6.5,24,4,33,20,2
2007,N,2,33,-27.5,24,0,4,4,2
2007,N,2,34.5,-9.5,24,0,24,20,2
2007,S,2,-7.5,8.5,24,1,33,20,2
2007,N,2,16.5,-18.5,24,0,21,17,2
2007,S,3,-10.5,4,24,0,22,14,2
2007,S,3,-15.5,8.5,24,0,18,18,2
2007,N,3,17.5,-18.5,24,3,57,37,2
2007,S,3,-10.5,12.5,24,0,19,14,2
2007,N,3,12,-81.5,24,25,23,16,2
2007,N,3,17.5,-22.5,24,4,53,29,2
2008,S,1,-16.5,5.5,24,0,33,20,2
2008,S,1,-2.5,-22.5,24,5,30,11,2
2008,N,1,30.5,-72.5,24,16,39,20,2
2008,S,4,-6.5,-21.5,24,4,64,20,2
2008,S,4,-11.5,3.5,24,0,1,2,2
2008,N,4,17.5,-21.5,24,4,33,26,2
2008,S,1,-14.5,1.5,24,1,24,20,2
2008,S,1,-14.5,4,24,0,20,20,2
2008,S,1,-8.5,-7,24,1,25,20,2
2008,N,1,13.5,-31.5,24,1,27,20,2
2008,N,1,25.5,-73.5,24,23,37,20,2
2008,N,1,25.5,-29.5,24,1,2,1,2
2008,S,2,-13.5,7.5,24,3,39,29,2
2008,S,2,-7.5,-11.5,24,6,48,27,2
2008,S,2,-3.5,0.5,24,4,44,20,2
2008,N,2,29.5,-14.5,24,2,72,45,2
2008,N,2,33.5,-14.5,24,0,31,20,2
2008,N,2,35.5,-7.5,24,0,5,4,2
2008,N,2,9.5,-22.5,24,3,40,20,2
2008,N,2,9.5,-30.5,24,5,37,20,2
2008,N,2,2,-17.5,24,5,44,22,2
2008,N,2,2,-0.5,24,0,3,2,2
2008,N,2,21.5,-24.5,24,2,4,3,2
2008,N,2,35.5,-8.5,24,1,8,7,2
2008,N,2,0.5,6.5,24,4,41,20,2
2008,N,3,12.5,-27.5,24,1,45,33,2
2008,S,3,-19.5,6.5,24,0,37,20,2
2008,S,3,-15.5,7.5,24,0,27,20,2
2008,N,3,11.5,-28.5,24,2,19,20,2
2008,S,3,-17.5,2.5,24,0,48,20,2
2008,N,3,6.5,-33.5,24,1,4,2,2
2009,S,1,-6.5,-22,24,5,32,20,2
2009,N,1,11.5,-49.5,24,0,0,1,2
2009,N,1,9.5,-22.5,24,3,27,20,2
2009,S,4,-6.5,-22.5,24,5,53,20,2
2009,S,4,-0.5,7.5,24,1,29,10,2
2009,S,4,-15.5,6.5,24,0,23,20,2
2009,N,4,18.5,-32,24,6,15,6,2
2009,N,4,16.5,-18.5,24,2,27,20,2
2009,N,4,17.5,-19.5,24,1,23,20,2
2009,S,1,-9.5,-11.5,24,6,32,20,2
2009,S,1,-6.5,-12.5,24,7,45,20,2
2009,N,1,3.5,-22.5,24,11,51,34,2
2009,N,1,14.5,-33.5,24,9,25,20,2
2009,N,1,11.5,-32.5,24,2,22,20,2
2009,N,1,5.5,-26.5,24,1,44,20,2
2009,N,1,1.5,-28,24,2,48,20,2
2009,N,1,10.5,-29.5,24,2,22,20,2
2009,N,1,13.5,-31.5,24,2,28,20,2
2009,N,1,14.5,-33.5,24,3,31,20,2
2009,N,1,8,-27.5,24,2,30,20,2
2009,N,1,7.5,-37.5,24,7,78,45,2
2009,N,2,2.5,-27.5,24,12,121,52,2
2009,S,2,-7.5,-22.5,24,10,28,20,2
2009,S,2,-9.5,9.5,24,0,21,20,2
2009,S,2,-2.5,-23.5,24,5,51,20,2
2009,S,2,-1.5,-22,24,10,43,20,2
2009,N,2,2,-27.5,24,6,10,4,2
2009,N,2,17,-29,24,5,15,8,2
2009,S,3,-12,-17,24,5,12,6,2
2009,S,3,-43,11.5,24,0,29,12,2
2009,S,3,-11.5,-13.5,24,1,4,2,2
2009,N,3,11.5,-36.5,24,2,17,7,2
2010,S,1,-3.5,1.5,24,1,5,3,2
2010,N,1,11.5,-77.5,24,90,136,72,2
2010,N,1,17.5,-18.5,24,0,20,20,2
2010,S,4,-12.5,10.5,24,2,25,20,2
2010,S,4,-18,8,24,0,40,26,2
2010,S,4,-6.5,-26.5,24,0,5,1,2
2010,N,4,45.5,-31.5,24,0,3,1,2
2010,S,4,-17.5,5.5,24,0,22,20,2
2010,S,4,-3.5,-17.5,24,5,39,20,2
2010,S,1,-2.5,-7.5,24,4,23,15,2
2010,N,1,6.5,-21.5,24,3,39,20,2
2010,S,1,-3,-26.5,24,2,27,12,2
2010,N,2,7.5,-38,24,0,6,8,2
2010,N,2,2,-16.5,24,1,21,10,2
2010,S,2,-42.5,2.5,24,0,247,96,2
2010,S,3,-19.5,10.5,24,0,38,20,2
2010,N,3,12.5,-22.5,24,5,49,40,2
2010,S,3,-14.5,7.5,24,0,24,20,2
2010,N,3,17.5,-18.5,24,3,18,20,2
2011,S,1,-13.5,1.5,24,0,18,20,2
2011,S,1,-7.5,-17.5,24,33,161,88,2
2011,N,1,2.5,-28.5,24,16,88,42,2
2011,N,1,1.5,-32.5,24,5,52,22,2
2011,N,1,10.5,-32,24,3,25,20,2
2011,N,1,11.5,-31.5,24,3,28,20,2
2011,S,4,-6.5,-22.5,24,7,51,20,2
2011,S,4,-6.5,11.5,24,0,0,20,2
2011,N,4,23.5,-32.5,24,2,1,2,2
2011,S,4,-9.5,-19.5,24,6,27,20,2
2011,N,4,2.5,2,24,5,26,20,2
2011,S,4,-0.5,-1.5,24,3,48,20,2
2011,N,4,28.5,-18.5,24,2,3,3,2
2011,S,1,-11.5,2.5,24,1,26,20,2
2011,S,1,-13.5,7.5,24,1,19,20,2
2011,N,1,32.5,-26,24,0,7,6,2
2011,S,2,-7.5,-28,24,2,9,8,2
2011,S,2,-12.5,-12.5,24,15,125,69,2
2011,S,2,-18.5,3.5,24,0,5,3,2
2011,S,2,-37.5,-52.5,24,5,210,97,2
2011,N,2,3.5,-27.5,24,6,22,13,2
2011,N,2,2.5,2.5,24,5,45,27,2
2011,S,2,-2.5,6.5,24,4,50,29,2
2011,S,2,-6.5,-27.5,24,12,17,11,2
2011,S,3,-17.5,8.5,24,1,153,90,2
2011,N,3,2.5,-43,24,2,30,10,2
2011,S,3,-28.5,-7.5,24,0,7,2,2
2011,N,3,1.5,6.5,24,5,70,39,2
2011,N,3,13.5,-32.5,24,6,32,25,2
2011,S,3,-8.5,11.5,24,0,25,20,2
2011,S,3,-7.5,10.5,24,0,28,20,2
2012,S,1,-6.5,-17.5,24,4,57,20,2
2012,S,4,-2,-11.5,24,1,58,24,2
2012,S,4,-17.5,7.5,24,1,54,20,2
2012,S,4,-16.5,6.5,24,1,33,20,2
2012,S,4,-19.5,7.5,24,2,41,20,2
2012,S,4,-9.5,11.5,24,1,31,20,2
2012,S,4,-7.5,11.5,24,0,18,20,2
2012,S,4,-1.5,-8.5,24,4,44,18,2
2012,S,4,-18.5,7.5,24,0,43,20,2
2012,S,4,-18.5,9.5,24,2,27,20,2
2012,S,4,-17.5,6.5,24,1,30,20,2
2012,S,4,-17.5,6.5,24,1,20,20,2
2012,N,4,15.5,-17.5,24,2,30,20,2
2012,N,4,19.5,-17.5,24,0,17,15,2
2012,N,4,42.5,-51.5,24,1,35,14,2
2012,N,1,6.5,-21.5,24,7,37,20,2
2012,N,1,6.5,-20.5,24,2,32,20,2
2012,N,1,9.5,-25.5,24,2,12,9,2
2012,N,1,5.5,-25.5,24,6,37,20,2
2012,N,1,2.5,6.5,24,4,35,19,2
2012,N,1,7.5,-27.5,24,4,35,20,2
2012,S,2,-42.5,12.5,24,0,353,75,2
2012,S,2,-6.5,7.5,24,1,28,20,2
2012,S,2,-7.5,8.5,24,0,33,20,2
2012,S,2,-5.5,8.5,24,0,27,20,2
2012,S,2,-5.5,9.5,24,1,5,3,2
2012,N,2,0.5,2.5,24,8,68,36,2
2012,S,2,-4.5,10.5,24,5,90,58,2
2012,N,2,13,-57.5,24,7,20,10,2
2012,N,2,2.5,-23.5,24,5,84,33,2
2012,N,3,13.5,-42,24,7,17,8,2
2012,S,3,-24.5,0.5,24,2,67,20,2
2012,N,3,9,-23.5,24,4,16,10,2
2013,S,1,-12.5,-1.5,24,1,30,20,2
2013,N,1,13.5,-28.5,24,2,30,20,2
2013,N,1,9.5,-77.5,24,5,11,7,2
2013,N,4,24.5,-22.5,24,0,2,1,2
2013,S,4,-18.5,10.5,24,0,7,4,2
2013,S,4,-18.5,7.5,24,1,36,20,2
2013,S,4,-7.5,2,24,2,33,20,2
2013,S,1,-13.5,-2.5,24,0,29,20,2
2013,S,1,-6.5,-24.5,24,0,5,1,2
2013,N,1,7.5,-16.5,24,2,26,20,2
2013,N,2,11.5,-43.5,24,8,37,20,2
2013,S,2,-32.5,7,24,0,9,4,2
2013,S,3,-24.5,7.5,24,0,52,20,2
2013,S,3,-42.5,2.5,24,1,55,17,2
2013,N,3,12,-45.5,24,2,6,2,2
2013,S,3,-24.5,0.5,24,3,56,20,2
2013,S,3,-20.5,3.5,24,0,54,20,2
2014,S,4,-18,7.5,24,0,36,20,2
2014,S,4,-15.5,5.5,24,0,24,20,2
2014,S,1,-14.5,1.5,24,1,22,20,2
2014,N,1,5.5,-18.5,24,2,21,20,2
2014,N,1,5.5,-28.5,24,3,50,20,2
2014,S,2,-7.5,1.5,24,0,5,5,2
2014,S,2,-5.5,6.5,24,1,28,20,2
2014,S,2,-15.5,9.5,24,0,12,7,2
2014,S,2,-2.5,-6.5,24,0,31,11,2
2014,N,2,12.5,-33.5,24,2,16,12,2
2014,S,3,-16.5,8.5,24,0,31,20,2
2014,S,3,-18.5,8.5,24,0,52,20,2
2014,S,3,-28.5,2.5,24,0,12,5,2
2014,N,3,13.5,-27.5,24,7,97,75,2
2014,N,3,19.5,-27.5,24,10,34,20,2
2014,S,3,-11.5,-3.5,24,0,10,3,2
2014,S,3,-15.5,4.5,24,0,4,2,2
2014,S,3,-26.5,8,24,0,7,2,2
2014,S,3,-15.5,8.5,24,0,16,10,2
2015,S,1,-6.5,4,24,2,47,20,2
2015,N,1,12.5,-28,24,0,33,20,2
2015,N,1,10.5,-34.5,24,1,28,20,2
2015,S,4,-8.5,10.5,24,0,27,20,2
2015,S,4,-5.5,10.5,24,0,3,4,2
2015,S,4,-15.5,3,24,2,19,14,2
2015,S,4,-17.5,10.5,24,0,45,46,2
2015,S,1,-12.5,2.5,24,3,21,20,2
2015,S,1,-11.5,1,24,1,26,20,2
2015,S,1,-14.5,2.5,24,0,23,20,2
2015,N,1,13.5,-31.5,24,2,28,20,2
2015,N,1,6.5,-17,24,3,25,20,2
2015,N,1,7.5,-27.5,24,10,86,56,2
2015,N,1,9.5,-27.5,24,0,22,20,2
2015,S,2,-42.5,-17,24,0,11,2,2
2015,S,2,-43.5,-8.5,24,0,34,20,2
2015,S,3,-12.5,11.5,24,0,2,4,2
2015,S,3,-31.5,6.5,24,0,46,21,2
2015,S,3,-8.5,10.5,24,0,6,5,2
2015,N,3,18.5,-28,24,5,33,20,2
2015,N,3,12.5,-27.5,24,1,16,20,2
2015,N,3,2.5,-13.5,24,0,14,6,2
2016,S,4,-8.5,-11.5,24,0,2,1,2
2016,N,4,12.5,-28.5,24,0,6,5,2
2016,S,4,-18.5,7.5,24,1,46,20,2
2016,S,4,-13.5,3,24,0,54,42,2
2016,S,4,-6.5,2,24,1,32,20,2
2016,S,4,-5.5,1.5,24,1,46,20,2
2016,N,4,10.5,-31.5,24,3,23,20,2
2016,N,1,2.5,-23.5,24,6,62,33,2
2016,N,1,5.5,-26.5,24,2,30,20,2
2016,N,1,7.5,-27.5,24,2,37,20,2
2016,N,1,7.5,-26.5,24,3,29,20,2
2016,S,1,-11.5,8,24,0,23,20,2
2016,N,1,11.5,-26,24,1,21,20,2
2016,N,1,12.5,-26.5,24,3,29,20,2
2016,N,1,12.5,-25.5,24,2,25,20,2
2016,S,3,-21.5,6.5,24,2,46,20,2
2016,S,3,-42.5,5.5,24,0,50,20,2
2016,N,3,10.5,-29,24,1,40,20,2
2016,N,3,12.5,-26.5,24,1,31,20,2
2016,N,3,14.5,-29.5,24,2,22,20,2
2016,S,3,-18.5,2.5,24,0,25,17,2
2016,S,3,-32.5,-7,24,0,14,6,2
2016,S,3,-32.5,-3,24,0,54,20,2
2016,N,3,12.5,-77,24,16,54,28,2
2016,S,3,-23.5,1.5,24,1,39,20,2
2017,N,1,9.5,-24.5,24,3,25,20,2
2017,N,1,7.5,-21.5,24,2,31,20,2
2017,S,4,-18.5,2,24,0,29,20,2
2017,S,4,-15.5,4.5,24,0,13,17,2
2017,S,4,-12.5,3.5,24,0,22,13,2
2017,S,4,-7.5,-6.5,24,2,29,17,2
2017,S,4,-3.5,-11.5,24,0,14,11,2
2017,N,4,12.5,-77.5,24,0,9,3,2
2017,N,1,10.5,-26.5,24,1,21,20,2
2017,N,1,11.5,-27.5,24,0,28,20,2
2017,N,1,11.5,-33.5,24,3,35,20,2
2017,N,1,11.5,-29.5,24,1,28,20,2
2017,N,1,11.5,-28,24,4,26,20,2
2017,S,2,-41.5,-7.5,24,0,78,20,2
2017,S,2,-41.5,2.5,24,0,72,20,2
2017,S,2,-1.5,-8.5,24,0,7,3,2
2017,N,2,7.5,-20.5,24,2,32,20,2
2017,S,2,-43.5,-0.5,24,0,49,20,2
2017,S,2,-20.5,7.5,24,1,43,20,2
2017,S,2,-20.5,9.5,24,0,29,15,2
2017,S,2,-33.5,1.5,24,0,71,29,2
2017,S,3,-15.5,4.5,24,0,3,2,2
2017,N,3,14.5,-73.5,24,0,3,1,2
2018,N,4,15.5,-19.5,24,3,22,20,2
2018,N,4,17.5,-32.5,24,13,107,55,2
2018,N,4,18.5,-19.5,24,0,22,20,2
2018,N,4,8.5,-33,24,2,17,12,2
2018,N,1,5.5,-28.5,24,4,32,20,2
2018,N,1,8,-27.5,24,1,37,20,2
2018,S,2,-40.5,-0.5,24,0,13,4,2
2018,S,2,-43.5,-3.5,24,0,54,20,2
2018,S,2,-5.5,3.5,24,0,1,1,2
2018,N,2,6.5,-23.5,24,1,36,20,2
2018,S,2,-44.5,2.5,24,0,54,20,2
2018,S,3,-23.5,3.5,24,1,50,20,2
2018,S,3,-21.5,9,24,0,48,20,2
2018,N,3,14.5,-27.5,24,2,24,20,2
2018,S,3,-10.5,3.5,24,0,12,9,2
2018,S,3,-20.5,4.5,24,1,38,12,2
