Year,area,season,lat,lon,hbf,BUM,sets,fleet
1990,S,1,-3,-14,3,0,2,2
1990,N,1,13.5,-22.5,3,4,23,2
1990,N,1,18,-23.5,3,0,8,2
1990,N,1,30.5,-40.5,3,0,1,2
1990,N,1,44.5,-41.5,3,0,9,2
1990,N,1,44.5,-59,3,0,20,2
1990,N,1,41.5,-56.5,3,0,20,2
1990,N,4,41.5,-63.5,3,1,41,2
1990,N,4,41.5,-43.5,3,7,20,2
1990,N,4,43.5,-42.5,3,2,20,2
1990,N,4,44.5,-51,3,0,12,2
1990,N,4,47.5,-39.5,3,0,20,2
1990,N,4,48.5,-44.5,3,0,20,2
1990,N,1,27.5,-58.5,3,1,5,2
1990,N,1,33.5,-31.5,3,0,1,2
1990,N,1,30.5,-58.5,3,6,20,2
1990,N,1,37.5,-37.5,3,6,41,2
1990,S,1,-8.5,-12.5,3,15,19,2
1990,N,1,3.5,-17.5,3,1,1,2
1990,N,1,29.5,-13.5,3,7,51,2
1990,N,1,31.5,-22.5,3,1,15,2
1990,N,1,32.5,-55.5,3,3,20,2
1990,N,1,37.5,-17.5,3,1,31,2
1990,S,2,-33.5,-51.5,3,7,22,2
1990,N,2,32.5,-19.5,3,2,20,2
1990,N,2,34,-17.5,3,1,20,2
1990,N,2,38.5,-16.5,3,0,20,2
1990,N,2,36.5,-31.5,3,0,1,2
1990,S,2,-32.5,-51.5,3,2,5,2
1990,N,2,37.5,-20.5,3,0,3,2
1990,N,2,5.5,-18.5,3,1,1,2
1990,S,3,-36.5,-11.5,3,0,9,2
1990,N,3,12.5,-29.5,3,0,1,2
1990,N,3,2,-6.5,3,0,2,2
1990,S,3,-26.5,14.5,3,0,7,2
1991,N,1,41.5,-62.5,3,0,87,2
1991,N,4,41.5,-41.5,3,4,20,2
1991,N,4,49.5,-39.5,3,0,20,2
1991,N,4,46.5,-41.5,3,0,20,2
1991,N,4,46.5,-44.5,3,0,20,2
1991,N,4,43.5,-43.5,3,1,20,2
1991,N,4,42.5,-47.5,3,1,44,2
1991,N,4,42.5,-54.5,3,1,20,2
1991,N,4,49.5,-39.5,3,0,20,2
1991,N,4,48.5,-39.5,3,0,20,2
1991,S,1,-27,5.5,3,0,2,2
1991,N,1,37.5,-28.5,3,0,48,2
1991,S,1,-34.5,17.5,3,0,1,2
1991,S,1,-35.5,0.5,3,0,3,2
1991,N,1,32.5,-53.5,3,11,35,2
1991,S,2,-31,13,3,1,4,2
1991,N,2,33.5,-11.5,3,0,20,2
1991,N,2,34.5,-15.5,3,0,1,2
1991,N,2,35.5,-12.5,3,1,20,2
1991,N,2,39.5,-18.5,3,0,20,2
1991,S,3,-32.5,-36.5,3,0,3,2
1991,S,3,-38.5,-3,3,0,20,2
1991,S,3,-31.5,11.5,3,1,11,2
1992,N,1,30.5,-33.5,3,0,1,2
1992,N,1,44.5,-51.5,3,0,18,2
1992,N,4,42.5,-56.5,3,2,16,2
1992,S,4,-16.5,8.5,3,0,6,2
1992,N,4,47.5,-37.5,3,2,48,2
1992,N,4,44,-52.5,3,0,20,2
1992,N,1,42.5,-38.5,3,1,24,2
1992,S,1,-27.5,-12.5,3,0,1,2
1992,S,1,-26.5,1.5,3,4,23,2
1992,N,2,30.5,-24.5,3,7,20,2
1992,N,2,34.5,-9.5,3,2,20,2
1992,N,2,32.5,-38,3,2,8,2
1992,N,2,39.5,-18.5,3,0,20,2
1992,S,3,-18.5,2.5,3,0,3,2
1992,N,3,42.5,-52.5,3,0,5,2
1993,N,1,12.5,-17.5,3,0,6,2
1993,N,1,12.5,-31.5,3,5,8,2
1993,N,4,39,-42.5,3,0,4,2
1993,N,4,37,-42.5,3,1,12,2
1993,N,4,43,-42.5,3,0,8,2
1993,N,4,40.5,-53.5,3,4,20,2
1993,N,1,37.5,-27,3,1,26,2
1993,S,2,-20.5,0.5,3,0,1,2
1993,S,2,-31.5,0.5,3,1,1,2
1993,S,2,-37.5,12,3,0,8,2
1993,S,2,-8,2,3,0,4,2
1993,N,2,33.5,-21.5,3,1,20,2
1993,N,2,33,-27,3,1,6,2
1993,N,2,40.5,-36.5,3,0,1,2
1993,N,2,32.5,-28,3,2,26,2
1993,S,3,-27.5,11.5,3,0,3,2
1993,S,3,-36.5,-7.5,3,0,28,2
1993,N,3,32.5,-26,3,1,6,2
1994,N,1,43.5,-60.5,3,0,17,2
1994,N,4,17.5,-17.5,3,3,31,2
1994,N,4,42.5,-52.5,3,1,38,2
1994,N,4,41.5,-62.5,3,1,25,2
1994,N,4,45.5,-42.5,3,0,3,2
1994,N,1,37.5,-55.5,3,1,6,2
1994,N,1,37.5,-27.5,3,2,48,2
1994,S,2,-35.5,-39.5,3,0,3,2
1994,N,2,37.5,-21,3,0,20,2
1994,N,2,39.5,-23.5,3,0,20,2
1994,S,2,-33.5,7.5,3,2,21,2
1994,N,2,21.5,-28.5,3,2,3,2
1994,S,2,-16.5,2.5,3,2,5,2
1994,S,2,-31.5,7.5,3,1,7,2
1994,N,2,38,-11.5,3,0,4,2
1994,S,3,-35.5,2.5,3,0,2,2
1994,N,3,40.5,-52.5,3,0,2,2
1995,N,4,33,-36,3,0,4,2
1995,N,4,43.5,-44.5,3,0,5,2
1995,N,2,37.5,-11.5,3,1,20,2
1995,N,2,0.5,-29.5,3,0,1,2
1995,N,2,10.5,-34.5,3,0,3,2
1995,N,2,33.5,-9.5,3,0,20,2
1995,N,2,35.5,-14.5,3,0,20,2
1995,N,2,35.5,-13.5,3,1,20,2
1995,N,2,39.5,-12.5,3,0,20,2
1995,S,2,-4,-12,3,0,2,2
1995,N,2,27.5,-20.5,3,0,1,2
1995,N,3,32,-32,3,1,2,2
1996,S,1,-7.5,-18.5,3,34,20,2
1996,N,4,23.5,-21.5,3,8,20,2
1996,N,4,21.5,-20.5,3,4,20,2
1996,S,4,-33.5,16.5,3,0,7,2
1996,S,4,-9.5,-17,3,14,20,2
1996,S,4,-7.5,-17,3,18,20,2
1996,N,4,11.5,-19,3,1,20,2
1996,N,4,14.5,-21,3,1,14,2
1996,N,4,22.5,-18.5,3,11,72,2
1996,N,4,47.5,-35.5,3,1,20,2
1996,N,4,48.5,-41.5,3,0,20,2
1996,N,4,46.5,-41.5,3,1,20,2
1996,S,4,-19.5,3.5,3,6,20,2
1996,S,4,-5.5,-0.5,3,1,4,2
1996,N,4,11.5,-28.5,3,3,20,2
1996,N,4,11.5,-27.5,3,2,20,2
1996,S,1,-13.5,3.5,3,3,20,2
1996,S,2,-40.5,8.5,3,0,20,2
1996,S,2,-44.5,3.5,3,0,20,2
1996,S,2,-41.5,4.5,3,0,20,2
1996,S,3,-19.5,10.5,3,0,20,2
1997,S,1,-8.5,-14.5,3,20,20,2
1997,N,1,36.5,-21.5,3,1,20,2
1997,S,2,-6.5,-8.5,3,5,20,2
1997,N,2,34.5,-8.5,3,2,59,2
1997,N,2,39.5,-11,3,1,16,2
1997,S,3,-17.5,10.5,3,1,42,2
1997,N,3,12.5,-27.5,3,5,46,2
1997,N,3,14.5,-41.5,3,30,20,2
1997,N,3,12.5,-22.5,3,9,82,2
1997,N,3,17.5,-22.5,3,7,28,2
1997,N,3,27.5,-22.5,3,15,28,2
1998,S,4,-16.5,6.5,3,1,20,2
1998,S,4,-15.5,6.5,3,1,20,2
1998,S,4,-19.5,9.5,3,0,20,2
1998,S,4,-18.5,6.5,3,0,20,2
1998,S,4,-22.5,2.5,3,0,2,2
1998,N,4,47.5,-43.5,3,0,48,2
1998,N,4,22.5,-27.5,3,13,23,2
1998,S,2,-23,1.5,3,0,4,2
1998,N,2,12.5,-32.5,3,31,83,2
1998,S,2,-43.5,0.5,3,0,20,2
1998,S,2,-40.5,1.5,3,0,20,2
1998,S,2,-40.5,3.5,3,0,20,2
1998,S,2,-44.5,4.5,3,0,20,2
1998,S,2,-47.5,16.5,3,0,11,2
1998,N,2,12.5,-23.5,3,3,20,2
1998,S,3,-16.5,10.5,3,0,20,2
1998,S,3,-15.5,7,3,1,20,2
1998,N,3,12.5,-38.5,3,0,1,2
1999,S,1,-6.5,-1.5,3,2,20,2
1999,S,1,-8.5,-2.5,3,3,20,2
1999,S,4,-35.5,17.5,3,0,1,2
1999,S,4,-9.5,0.5,3,2,20,2
1999,S,4,-5.5,3.5,3,3,20,2
1999,S,1,-13.5,-8.5,3,10,20,2
1999,N,1,13.5,-31.5,3,5,20,2
1999,N,1,6.5,-28.5,3,12,20,2
1999,N,1,5.5,-32.5,3,13,20,2
1999,N,2,6.5,-27.5,3,5,20,2
1999,S,2,-43.5,-3.5,3,0,20,2
1999,S,2,-41.5,-2.5,3,0,20,2
1999,S,2,-9.5,-21.5,3,24,20,2
1999,S,3,-7.5,-3.5,3,3,17,2
1999,S,3,-36.5,12.5,3,0,13,2
1999,S,3,-29.5,7.5,3,0,20,2
1999,N,3,20.5,-20.5,3,2,5,2
2000,S,4,-32.5,-48.5,3,1,12,2
2000,S,4,-2.5,-27.5,3,21,34,2
2000,S,4,-0.5,-1.5,3,1,14,2
2000,N,4,12.5,-27.5,3,13,59,2
2000,N,4,10.5,-38.5,3,11,20,2
2000,N,4,45.5,-49.5,3,0,20,2
2000,S,2,-15.5,9.5,3,0,6,2
2000,S,2,-43.5,9.5,3,0,20,2
2000,S,2,-42.5,7.5,3,0,20,2
2000,S,2,-40.5,6.5,3,0,20,2
2000,S,2,-44.5,8.5,3,0,20,2
2000,N,2,12.5,-18.5,3,0,31,2
2000,N,3,18.5,-27.5,3,8,20,2
2001,N,1,2.5,-26.5,3,11,20,2
2001,S,1,-4.5,-3.5,3,1,20,2
2001,N,2,31.5,-56.5,3,9,20,2
2001,N,2,26.5,-37.5,3,18,38,2
2001,N,2,32.5,-57.5,3,8,64,2
2002,S,1,-2.5,-7.5,3,10,30,2
2002,N,1,41.5,-43.5,3,2,7,2
2002,S,4,-12.5,7.5,3,1,20,2
2002,S,4,-17.5,6.5,3,1,20,2
2002,S,4,-16.5,6.5,3,0,20,2
2002,N,1,7.5,-23,3,0,20,2
2002,N,2,34.5,-7.5,3,0,2,2
2002,N,2,6.5,-27.5,3,2,20,2
2002,N,3,6,-23,3,1,4,2
2003,S,1,-7.5,1.5,3,0,20,2
2003,N,1,10.5,-31.5,3,1,20,2
2003,N,1,27.5,-71.5,3,8,20,2
2003,N,1,32.5,-71.5,3,16,37,2
2003,S,4,-19.5,6.5,3,1,20,2
2003,S,4,-16.5,8.5,3,0,20,2
2003,S,4,-18.5,6.5,3,1,20,2
2003,S,4,-18.5,7.5,3,1,20,2
2003,S,4,-15.5,6.5,3,0,20,2
2003,S,4,-15.5,7.5,3,0,20,2
2003,S,4,-15.5,8.5,3,1,20,2
2003,S,4,-7.5,10.5,3,2,53,2
2003,S,1,-9.5,-2.5,3,2,20,2
2003,S,1,-7.5,-1.5,3,1,20,2
2003,S,1,-8.5,-12.5,3,15,20,2
2003,S,1,-9.5,-1.5,3,2,20,2
2003,N,1,26.5,-21.5,3,3,11,2
2003,N,2,17.5,-29.5,3,2,5,2
2003,N,2,34.5,-10.5,3,0,1,2
2003,S,2,-1.5,-22.5,3,4,13,2
2003,N,2,39.5,-14.5,3,0,5,2
2003,S,3,-19,-4,3,2,4,2
2003,S,3,-8.5,8.5,3,0,3,2
2003,N,3,14,-78.5,3,7,6,2
2003,N,3,24.5,-25.5,3,3,3,2
2004,N,1,42.5,-48.5,3,0,20,2
2004,N,4,15.5,-19.5,3,0,20,2
2004,N,4,19.5,-17.5,3,0,12,2
2004,N,4,21.5,-23,3,1,4,2
2004,N,4,45.5,-19.5,3,0,20,2
2004,N,4,41.5,-43.5,3,1,20,2
2004,S,1,-9.5,-7.5,3,8,20,2
2004,S,1,-11.5,-1.5,3,4,17,2
2004,N,3,15.5,-29.5,3,4,20,2
2004,N,3,15.5,-25.5,3,1,20,2
2004,N,3,18.5,-32.5,3,20,74,2
2004,N,3,4.5,-23,3,8,20,2
2004,N,3,4.5,-20.5,3,0,1,2
2005,N,1,8.5,-24.5,3,1,20,2
2005,N,4,49.5,-34,3,0,20,2
2005,S,4,-17.5,8,3,0,20,2
2005,N,4,46.5,-28.5,3,0,20,2
2005,N,1,27.5,-31.5,3,17,37,2
2005,S,2,-7.5,-3.5,3,1,3,2
2005,N,3,17.5,-31,3,12,20,2
2005,N,3,19.5,-33.5,3,12,20,2
2005,N,3,7.5,-22.5,3,4,23,2
2006,S,1,-8.5,-1.5,3,1,20,2
2006,N,1,1.5,-7.5,3,3,40,2
2006,N,1,25.5,-70.5,3,8,20,2
2006,S,4,-18.5,7.5,3,0,20,2
2006,S,4,-19.5,9.5,3,0,20,2
2006,S,4,-18.5,1.5,3,0,7,2
2006,S,1,-4.5,-1.5,3,2,20,2
2006,S,1,-3.5,-4.5,3,1,20,2
2006,N,1,7.5,-22.5,3,4,46,2
2006,N,1,27.5,-47.5,3,2,11,2
2006,N,2,2.5,-17.5,3,1,30,2
2006,N,2,6.5,-21.5,3,3,20,2
2006,S,3,-4.5,10.5,3,2,27,2
2006,S,3,-12.5,11.5,3,0,17,2
2006,S,3,-18.5,9.5,3,0,20,2
2006,S,3,-18.5,8.5,3,0,20,2
2006,N,3,48,-31.5,3,0,2,2
2007,S,1,-8.5,-0.5,3,0,20,2
2007,N,1,13.5,-38,3,4,14,2
2007,N,1,42.5,-52.5,3,0,44,2
2007,S,4,-10.5,12.5,3,0,17,2
2007,N,4,47.5,-10.5,3,0,20,2
2007,S,4,-10.5,12.5,3,0,2,2
2007,S,4,-11.5,10.5,3,1,20,2
2007,S,4,-18.5,8.5,3,0,20,2
2007,N,1,43.5,-57.5,3,0,8,2
2007,S,2,-13.5,7,3,0,20,2
2007,S,2,-3.5,6.5,3,1,20,2
2007,S,2,-3.5,9.5,3,0,20,2
2007,S,2,-0.5,8.5,3,0,11,2
2007,N,2,5.5,-26.5,3,3,20,2
2007,S,3,-12.5,7.5,3,1,30,2
2007,S,3,-5.5,9.5,3,1,16,2
2007,N,3,17.5,-18.5,3,1,46,2
2007,N,3,2.5,-16.5,3,3,32,2
2007,S,3,-2.5,2.5,3,3,53,2
2007,N,3,47.5,-18.5,3,1,20,2
2008,S,4,-3.5,1.5,3,2,20,2
2008,S,4,-18.5,7.5,3,3,20,2
2008,S,4,-18.5,8.5,3,2,20,2
2008,S,1,-11.5,-3.5,3,1,20,2
2008,N,1,13.5,-27.5,3,2,20,2
2008,N,1,8.5,-31.5,3,2,20,2
2008,N,1,5.5,-28.5,3,3,20,2
2008,N,1,7.5,-27.5,3,2,20,2
2008,S,2,-6.5,7.5,3,0,20,2
2008,S,2,-0.5,6.5,3,4,20,2
2008,N,2,3.5,5.5,3,2,20,2
2008,N,2,34.5,-9.5,3,0,20,2
2008,N,2,34.5,-7.5,3,0,20,2
2008,N,2,15.5,-19.5,3,2,20,2
2008,S,3,-37.5,18.5,3,1,20,2
2008,N,3,41.5,-53,3,0,4,2
2008,N,3,2.5,-17.5,3,9,71,2
2009,S,4,-18.5,8.5,3,1,20,2
2009,N,4,16.5,-33.5,3,4,20,2
2009,N,4,19.5,-30.5,3,2,8,2
2009,S,1,-5.5,-2.5,3,2,20,2
2009,N,1,12.5,-27.5,3,3,20,2
2009,N,1,9.5,-24.5,3,2,20,2
2009,N,1,9.5,-23.5,3,0,20,2
2009,N,2,11.5,-26.5,3,0,20,2
2009,N,2,13.5,-38.5,3,7,20,2
2009,N,2,14.5,-36,3,1,14,2
2009,N,2,17.5,-27.5,3,6,41,2
2009,N,2,32.5,-27.5,3,0,10,2
2009,S,2,-33.5,13.5,3,0,13,2
2009,S,2,-35.5,-51.5,3,0,7,2
2009,S,2,-8,-8.5,3,1,6,2
2010,S,1,-3.5,-7.5,3,0,7,2
2010,S,4,-8.5,11.5,3,0,20,2
2010,S,4,-8.5,10.5,3,0,20,2
2010,S,4,-8.5,10.5,3,0,20,2
2010,N,4,17.5,-19.5,3,1,20,2
2010,N,4,16.5,-26.5,3,4,20,2
2010,N,4,17.5,-33.5,3,8,20,2
2010,N,4,18,-33,3,9,20,2
2010,N,1,13.5,-32.5,3,4,20,2
2010,N,1,8.5,-16.5,3,0,20,2
2010,S,1,-7.5,2.5,3,4,55,2
2010,N,2,12.5,-72.5,3,8,20,2
2010,S,2,-0.5,7.5,3,4,20,2
2010,N,2,19.5,-19.5,3,0,20,2
2010,N,2,16.5,-19.5,3,0,20,2
2010,N,2,6.5,-43,3,8,20,2
2010,S,3,-22.5,-13.5,3,5,18,2
2011,N,1,9.5,-25.5,3,0,3,2
2011,S,4,-12.5,11.5,3,0,20,2
2011,S,1,-3,-22,3,1,2,2
2011,N,2,2.5,6.5,3,4,21,2
2011,S,3,-38.5,-53.5,3,0,20,2
2011,S,3,-35.5,-53.5,3,1,20,2
2011,N,3,12.5,-27.5,3,0,20,2
2011,S,3,-15.5,7.5,3,0,20,2
2011,S,3,-18.5,5.5,3,0,20,2
2011,S,3,-0.5,1.5,3,0,9,2
2011,S,3,-14.5,7.5,3,0,3,2
2012,S,1,-10.5,-1.5,3,0,20,2
2012,S,4,-8.5,-18.5,3,2,20,2
2012,S,4,-0.5,6.5,3,2,20,2
2012,N,4,43.5,-52,3,0,20,2
2012,S,2,-32.5,12.5,3,2,20,2
2012,S,2,-31,12.5,3,1,20,2
2012,N,3,0.5,6.5,3,2,20,2
2013,N,4,7.5,-28.5,3,3,19,2
2013,S,1,-11.5,2.5,3,0,20,2
2013,S,1,-13.5,-3.5,3,2,20,2
2013,N,1,5.5,-17.5,3,4,20,2
2013,S,2,-5.5,8.5,3,3,20,2
2013,S,3,-12.5,10.5,3,0,20,2
2013,S,3,-42.5,12.5,3,0,7,2
2014,S,1,-7.5,-12.5,3,8,39,2
2014,N,4,48.5,-47.5,3,0,55,2
2014,S,4,-9.5,1.5,3,0,20,2
2014,S,4,-7.5,3.5,3,1,20,2
2014,S,4,-6.5,3.5,3,0,20,2
2014,S,4,-5.5,3.5,3,0,14,2
2014,N,1,9.5,-21.5,3,0,20,2
2014,S,1,-12.5,7.5,3,0,20,2
2014,S,1,-11.5,6.5,3,0,20,2
2014,S,2,-41.5,-12.5,3,0,9,2
2014,S,2,-42.5,-2.5,3,0,20,2
2014,S,3,-9.5,11.5,3,0,20,2
2014,S,3,-6.5,10.5,3,1,20,2
2015,S,1,-8.5,-0.5,3,0,20,2
2015,S,1,-7.5,-1,3,3,20,2
2015,S,1,-7.5,-7.5,3,10,45,2
2015,N,1,1.5,-22.5,3,2,33,2
2016,S,1,-8,-22.5,3,2,2,2
2016,N,4,13.5,-21.5,3,0,15,2
2016,N,4,5.5,-22.5,3,3,20,2
2016,S,2,-7,-28,3,3,8,2
2016,S,2,-44.5,-2.5,3,0,20,2
2016,S,2,-44.5,-0.5,3,0,20,2
2016,S,3,-42.5,-2,3,0,82,2
2016,S,3,-2.5,-6.5,3,3,29,2
2017,N,4,15.5,-17.5,3,0,20,2
2017,N,4,20.5,-19.5,3,1,20,2
2017,N,1,2.5,-17.5,3,3,40,2
2017,S,3,-21.5,2.5,3,1,20,2
2018,S,4,-18.5,7.5,3,0,20,2
2018,S,4,-16.5,8.5,3,0,20,2
2018,N,4,14.5,-28.5,3,2,20,2
2018,N,1,10.5,-31,3,4,20,2
2018,N,1,11.5,-32.5,3,1,20,2
2018,N,1,11.5,-31.5,3,2,20,2
2018,S,1,-35.5,12.5,3,1,3,2
2018,N,1,11.5,-33.5,3,1,20,2
2018,N,1,7.5,-20.5,3,1,20,2
2018,N,1,8.5,-23.5,3,1,20,2
2018,N,1,8.5,-20.5,3,1,20,2
2018,S,2,-33.5,7.5,3,0,9,2
2018,N,2,5.5,-28.5,3,2,20,2
2018,S,2,-41.5,5.5,3,0,20,2
2018,S,3,-15.5,7,3,0,20,2
2018,N,3,23,-22,3,0,2,2
1990,S,1,-13,-1,10,0,4,2
1990,S,1,-6.5,-14.5,10,8,20,2
1990,S,1,-6.5,-18.5,10,29,20,2
1990,S,1,-7.5,-27.5,10,47,19,2
1990,S,4,-17.5,8,10,1,20,2
1990,S,4,-15.5,7.5,10,0,20,2
1990,N,4,22.5,-22.5,10,74,33,2
1990,N,4,9.5,-31.5,10,0,1,2
1990,S,4,-16.5,8.5,10,1,20,2
1990,N,4,28.5,-18.5,10,7,8,2
1990,N,4,13,-23.5,10,3,6,2
1990,N,4,42.5,-52.5,10,6,74,2
1990,S,1,-5.5,-11.5,10,8,18,2
1990,S,1,-9.5,-15.5,10,17,20,2
1990,S,1,-8.5,-18.5,10,21,20,2
1990,S,1,-5.5,-5.5,10,2,4,2
1990,S,1,-8.5,-17.5,10,20,20,2
1990,N,1,22.5,-21.5,10,5,9,2
1990,N,1,31.5,-11.5,10,1,5,2
1990,N,1,8.5,-22.5,10,9,20,2
1990,S,2,-36.5,16.5,10,4,8,2
1990,S,2,-1.5,-22.5,10,9,25,2
1990,N,2,32.5,-27.5,10,11,22,2
1990,S,2,-37.5,18.5,10,0,5,2
1990,N,2,0.5,-21.5,10,0,3,2
1990,N,2,16.5,-17.5,10,0,2,2
1990,N,3,19.5,-33,10,13,4,2
1990,N,3,37,-61.5,10,11,4,2
1991,N,1,34,-52,10,11,4,2
1991,N,1,8.5,-39.5,10,0,1,2
1991,S,4,-13,2.5,10,1,10,2
1991,S,4,-27.5,11.5,10,0,5,2
1991,S,4,-6,2.5,10,0,2,2
1991,N,4,2.5,-8.5,10,6,15,2
1991,S,4,-18.5,8.5,10,1,20,2
1991,S,4,-17.5,9.5,10,1,20,2
1991,S,4,-35.5,16.5,10,2,1,2
1991,S,4,-8.5,8,10,1,6,2
1991,N,4,49.5,-34.5,10,0,1,2
1991,S,4,-7,-11.5,10,14,16,2
1991,N,4,11.5,-81.5,10,36,12,2
1991,N,4,16.5,-22.5,10,2,1,2
1991,S,1,-2.5,-12.5,10,4,5,2
1991,N,1,31.5,-57,10,7,2,2
1991,N,1,30.5,-64.5,10,2,1,2
1991,S,1,-30.5,-40.5,10,1,1,2
1991,N,1,12,-32,10,5,12,2
1991,S,2,-22.5,2.5,10,6,3,2
1991,S,2,-8,8.5,10,0,2,2
1991,N,2,37,-18,10,0,2,2
1991,S,2,-7,-17.5,10,6,8,2
1991,S,2,-7.5,-17.5,10,23,21,2
1991,S,2,-0.5,-23.5,10,12,22,2
1991,S,3,-27.5,6.5,10,2,14,2
1991,S,3,-23,8,10,0,16,2
1991,S,3,-36.5,17.5,10,0,13,2
1991,N,3,11.5,-77.5,10,19,7,2
1991,N,3,13.5,-51.5,10,10,5,2
1991,N,3,36.5,-44.5,10,1,1,2
1992,N,1,12.5,-21.5,10,2,15,2
1992,N,1,17.5,-18.5,10,1,8,2
1992,S,4,-14.5,5.5,10,0,20,2
1992,S,4,-11.5,6.5,10,0,20,2
1992,S,4,-10.5,9.5,10,1,19,2
1992,N,4,36.5,-36.5,10,3,3,2
1992,S,4,-7.5,-7.5,10,17,52,2
1992,S,1,-24.5,9.5,10,1,1,2
1992,N,1,12.5,-79.5,10,0,1,2
1992,N,1,31.5,-57.5,10,1,2,2
1992,S,2,-22.5,1.5,10,21,18,2
1992,N,2,14.5,-72.5,10,8,3,2
1992,S,3,-6.5,-12.5,10,7,11,2
1992,N,3,37.5,-17.5,10,2,12,2
1992,N,3,12,-27.5,10,20,54,2
1992,N,3,40.5,-47.5,10,0,1,2
1993,S,1,-3,-2,10,2,4,2
1993,N,1,42.5,-43.5,10,3,7,2
1993,S,4,-13.5,8,10,0,20,2
1993,S,4,-15.5,9.5,10,1,19,2
1993,S,4,-2,-12.5,10,1,4,2
1993,N,4,17.5,-19.5,10,2,20,2
1993,N,4,17.5,-20.5,10,2,9,2
1993,N,4,33.5,-28.5,10,0,1,2
1993,N,4,42.5,-52.5,10,27,82,2
1993,S,4,-19.5,6.5,10,5,20,2
1993,S,4,-19.5,9.5,10,0,20,2
1993,S,4,-6.5,-18.5,10,20,24,2
1993,N,4,16.5,-18.5,10,1,20,2
1993,N,4,21.5,-18.5,10,0,6,2
1993,S,4,-6.5,-11.5,10,3,10,2
1993,S,4,-8.5,10.5,10,0,1,2
1993,S,4,-7.5,8.5,10,2,13,2
1993,S,2,-17.5,7,10,1,28,2
1993,S,2,-26.5,-2.5,10,5,7,2
1993,N,2,32.5,-27.5,10,32,58,2
1993,S,3,-28.5,2.5,10,1,11,2
1993,S,3,-38.5,17.5,10,2,25,2
1993,S,3,-1.5,0.5,10,6,20,2
1993,S,3,-0.5,6.5,10,0,1,2
1993,S,3,-18.5,8,10,1,12,2
1993,S,3,-23,7.5,10,3,8,2
1993,S,3,-7.5,3.5,10,1,19,2
1993,N,3,13.5,-72.5,10,70,29,2
1994,S,1,-5.5,0,10,3,14,2
1994,S,4,-19.5,10.5,10,0,20,2
1994,S,4,-16.5,10.5,10,0,20,2
1994,S,4,-27.5,6.5,10,0,13,2
1994,S,4,-32.5,12.5,10,2,9,2
1994,N,4,19.5,-18.5,10,2,20,2
1994,N,4,22.5,-18.5,10,0,2,2
1994,N,4,44.5,-48,10,0,2,2
1994,N,4,44.5,-52.5,10,0,20,2
1994,S,4,-32.5,16.5,10,3,68,2
1994,S,4,-7.5,-22.5,10,46,40,2
1994,S,4,-8.5,-27.5,10,28,21,2
1994,S,4,-1.5,0.5,10,16,25,2
1994,N,4,17.5,-17.5,10,0,20,2
1994,N,4,19,-22.5,10,2,2,2
1994,S,1,-14.5,-2.5,10,8,20,2
1994,S,1,-12.5,0,10,2,20,2
1994,N,1,7.5,-37.5,10,3,7,2
1994,N,1,8,-27,10,4,12,2
1994,S,2,-7.5,-17.5,10,3,7,2
1994,S,2,-27.5,7.5,10,26,38,2
1994,S,2,-8.5,-2,10,0,16,2
1994,N,2,6.5,-39.5,10,6,5,2
1994,S,2,-33,3,10,0,2,2
1994,S,2,-7.5,-8,10,12,20,2
1994,N,2,2.5,-26.5,10,5,11,2
1994,N,2,6.5,-34.5,10,0,1,2
1994,S,3,-8.5,11,10,0,2,2
1994,N,3,12.5,-70.5,10,2,1,2
1994,S,3,-11.5,8.5,10,2,34,2
1994,S,3,-23.5,-1,10,0,2,2
1994,S,3,-27.5,7.5,10,9,46,2
1994,S,3,-33.5,11.5,10,1,11,2
1994,S,3,-19.5,10.5,10,0,20,2
1994,S,3,-17.5,10.5,10,0,20,2
1994,N,3,36.5,-69.5,10,1,1,2
1995,N,1,48,-22,10,0,4,2
1995,S,4,-17.5,7.5,10,0,20,2
1995,S,4,-19.5,9.5,10,0,20,2
1995,S,4,-8.5,-22.5,10,14,23,2
1995,N,4,37.5,-33.5,10,4,10,2
1995,S,4,-17.5,10.5,10,0,20,2
1995,S,4,-19.5,8.5,10,1,20,2
1995,N,1,31.5,-23.5,10,1,5,2
1995,S,2,-17.5,1.5,10,10,29,2
1995,S,2,-22.5,1.5,10,39,35,2
1995,S,2,-27.5,12.5,10,19,79,2
1995,S,2,-28.5,15.5,10,1,4,2
1995,S,2,-22.5,3.5,10,13,29,2
1995,S,2,-26.5,-11.5,10,2,2,2
1995,N,2,12.5,-27.5,10,1,11,2
1995,S,3,-22.5,-2.5,10,8,21,2
1995,S,3,-30.5,12.5,10,3,20,2
1995,S,3,-1.5,-18.5,10,1,8,2
1995,N,3,18,-27.5,10,11,20,2
1995,S,3,-10.5,2.5,10,0,20,2
1995,S,3,-10.5,6.5,10,1,20,2
1995,S,3,-16.5,3.5,10,0,20,2
1995,S,3,-15.5,10.5,10,0,9,2
1995,S,3,-18.5,10.5,10,0,20,2
1995,S,3,-17.5,7.5,10,1,72,2
1995,S,3,-22.5,7.5,10,6,43,2
1995,N,3,5.5,-27.5,10,1,1,2
1996,S,1,-12.5,-7.5,10,28,68,2
1996,S,1,-7.5,-9.5,10,6,20,2
1996,S,1,-7.5,-8.5,10,14,20,2
1996,S,1,-6.5,-0.5,10,8,20,2
1996,S,1,-3.5,-11.5,10,6,20,2
1996,N,1,13.5,-28.5,10,7,20,2
1996,N,1,6.5,-22.5,10,12,20,2
1996,S,4,-7.5,1.5,10,1,6,2
1996,N,4,48.5,-42.5,10,0,28,2
1996,S,4,-16.5,-2.5,10,11,17,2
1996,S,4,-15.5,8.5,10,0,20,2
1996,S,4,-18.5,6.5,10,7,20,2
1996,N,4,2.5,-27.5,10,25,18,2
1996,N,4,1.5,3,10,7,12,2
1996,N,4,37.5,-36.5,10,13,20,2
1996,N,4,41.5,-51.5,10,1,20,2
1996,N,4,41.5,-68.5,10,0,9,2
1996,N,4,5.5,-22.5,10,14,20,2
1996,S,1,-7.5,-5.5,10,5,20,2
1996,S,1,-6.5,-7.5,10,6,20,2
1996,N,1,28.5,-37.5,10,18,16,2
1996,N,1,7.5,-33.5,10,8,20,2
1996,S,1,-5.5,-18.5,10,13,20,2
1996,S,1,-6.5,-8.5,10,9,20,2
1996,N,1,24.5,-19.5,10,0,1,2
1996,N,1,31.5,-16.5,10,7,17,2
1996,S,2,-13,-6,10,0,2,2
1996,S,2,-28.5,12.5,10,4,20,2
1996,S,2,-32.5,2.5,10,16,39,2
1996,N,2,8.5,-48.5,10,5,3,2
1996,S,2,-42.5,14.5,10,0,20,2
1996,S,2,-40.5,12.5,10,0,20,2
1996,S,2,-7,-22.5,10,18,20,2
1996,N,2,12.5,-27.5,10,22,52,2
1996,N,2,39.5,-13,10,0,20,2
1996,N,2,36.5,-21.5,10,3,20,2
1996,N,2,10.5,-33.5,10,11,20,2
1996,N,2,14.5,-30.5,10,2,4,2
1996,N,3,27.5,-21.5,10,23,26,2
1997,S,1,-7.5,-6.5,10,9,20,2
1997,S,1,-5.5,-8.5,10,15,20,2
1997,S,1,-9.5,-6.5,10,8,20,2
1997,S,1,-9.5,-0.5,10,2,20,2
1997,N,1,9.5,-27,10,9,20,2
1997,S,4,-16.5,7.5,10,0,20,2
1997,S,4,-16.5,8.5,10,1,20,2
1997,S,4,-1.5,-2.5,10,16,20,2
1997,S,4,-0.5,-2.5,10,11,20,2
1997,N,4,46.5,-41.5,10,1,20,2
1997,N,4,11.5,-26.5,10,12,20,2
1997,S,1,-10.5,-2.5,10,5,20,2
1997,S,1,-6.5,-8.5,10,10,20,2
1997,S,1,-5.5,-5.5,10,3,9,2
1997,S,1,-8.5,-9.5,10,8,20,2
1997,N,1,11.5,-32,10,4,20,2
1997,S,1,-27,-1,10,4,4,2
1997,S,1,-7.5,-11,10,13,20,2
1997,N,1,23.5,-22.5,10,56,79,2
1997,N,1,30.5,-23.5,10,10,20,2
1997,N,1,38,-27.5,10,1,6,2
1997,S,2,-26.5,3.5,10,11,20,2
1997,N,2,22.5,-26.5,10,90,87,2
1997,N,2,34.5,-21.5,10,3,20,2
1997,S,2,-6.5,7.5,10,3,20,2
1997,S,2,-5.5,8.5,10,1,20,2
1997,N,2,9.5,-47.5,10,0,1,2
1997,N,2,13.5,-26.5,10,9,20,2
1997,S,3,-22.5,1.5,10,2,3,2
1997,N,3,2,-17.5,10,3,10,2
1997,S,3,-19.5,10.5,10,0,20,2
1997,S,3,-2.5,-7,10,1,2,2
1998,N,1,37,-67.5,10,8,8,2
1998,N,1,8.5,-24.5,10,11,20,2
1998,N,1,9.5,-20.5,10,1,6,2
1998,N,4,19.5,-19.5,10,4,20,2
1998,N,4,17.5,-22.5,10,17,35,2
1998,N,4,41.5,-47.5,10,0,3,2
1998,S,4,-19.5,0.5,10,2,20,2
1998,S,4,-13.5,-12,10,11,16,2
1998,S,4,-12.5,1.5,10,0,8,2
1998,S,4,-15.5,6.5,10,0,20,2
1998,N,4,42.5,-53.5,10,0,20,2
1998,N,1,27.5,-27,10,21,20,2
1998,N,1,6.5,-26.5,10,12,20,2
1998,N,1,7.5,-29.5,10,6,20,2
1998,N,1,8.5,-27.5,10,11,20,2
1998,N,1,6.5,-31.5,10,13,20,2
1998,N,1,13.5,-22.5,10,3,20,2
1998,N,2,34.5,-12.5,10,2,20,2
1998,S,2,-5.5,-20.5,10,1,4,2
1998,N,2,16.5,-32.5,10,2,4,2
1998,S,2,-6.5,-17.5,10,11,20,2
1998,N,2,13,-77.5,10,37,14,2
1998,N,2,37.5,-68.5,10,11,17,2
1998,S,3,-17.5,10.5,10,0,20,2
1998,S,3,-26.5,7.5,10,0,3,2
1998,N,3,2.5,-21.5,10,22,36,2
1998,N,3,6.5,-40.5,10,1,1,2
1998,S,3,-42.5,-2.5,10,0,10,2
1998,S,3,-1.5,7.5,10,8,28,2
1998,S,3,-39.5,15.5,10,1,20,2
1998,S,3,-35.5,19.5,10,1,13,2
1998,S,3,-8,2.5,10,2,6,2
1998,N,3,16.5,-17.5,10,3,20,2
1998,N,3,17.5,-18,10,1,20,2
1998,N,3,22,-27,10,5,4,2
1999,N,1,3.5,-22.5,10,1,7,2
1999,N,1,28.5,-36.5,10,1,4,2
1999,N,1,43.5,-36.5,10,0,1,2
1999,N,1,6.5,-25.5,10,11,20,2
1999,N,1,7.5,-26.5,10,11,20,2
1999,S,4,-5.5,-3.5,10,6,20,2
1999,S,4,-3.5,5.5,10,2,1,2
1999,N,4,47.5,-47.5,10,0,55,2
1999,S,1,-12.5,-12.5,10,19,19,2
1999,N,1,12.5,-27,10,34,80,2
1999,N,1,7.5,-26.5,10,4,20,2
1999,N,1,9.5,-27.5,10,4,20,2
1999,N,1,6.5,-26.5,10,5,20,2
1999,N,2,6.5,-22,10,6,20,2
1999,S,2,-38.5,19.5,10,1,5,2
1999,S,2,-7.5,-2.5,10,5,15,2
1999,S,2,-15.5,10.5,10,0,20,2
1999,S,2,-28.5,8,10,1,20,2
1999,S,2,-37,12.5,10,0,6,2
1999,S,2,-44.5,16.5,10,0,20,2
1999,S,2,-42.5,16.5,10,0,20,2
1999,S,3,-12.5,2,10,6,26,2
1999,N,3,12.5,-77.5,10,140,43,2
1999,N,3,38,-24.5,10,1,8,2
1999,S,3,-17,3,10,0,2,2
1999,N,3,11.5,-38.5,10,1,1,2
2000,S,4,-15.5,2.5,10,4,20,2
2000,S,4,-15.5,8.5,10,0,20,2
2000,S,4,-17.5,8.5,10,1,20,2
2000,N,4,42.5,-52,10,0,20,2
2000,S,4,-5.5,-3.5,10,4,20,2
2000,S,4,-5.5,4.5,10,0,1,2
2000,N,4,22.5,-43.5,10,108,39,2
2000,N,4,44.5,-50.5,10,0,19,2
2000,N,4,42.5,-50.5,10,0,20,2
2000,N,4,7.5,-16,10,4,8,2
2000,N,1,12.5,-26.5,10,3,20,2
2000,S,1,-8.5,7.5,10,7,13,2
2000,N,1,14.5,-27.5,10,4,20,2
2000,N,1,32.5,-17.5,10,18,99,2
2000,N,1,5.5,-34,10,13,20,2
2000,S,2,-19.5,10.5,10,2,20,2
2000,S,2,-33.5,8.5,10,3,11,2
2000,N,2,11.5,-25.5,10,4,20,2
2000,N,2,15.5,-20.5,10,0,3,2
2000,N,2,37.5,-17.5,10,4,67,2
2000,N,2,7.5,-16.5,10,1,3,2
2000,S,2,-22.5,7.5,10,4,11,2
2000,S,2,-41.5,2.5,10,0,20,2
2000,N,2,8.5,-22.5,10,5,20,2
2000,S,2,-40.5,-1.5,10,0,20,2
2000,S,2,-41.5,1,10,0,20,2
2000,S,2,-44.5,6.5,10,0,20,2
2000,S,2,-7.5,1.5,10,2,9,2
2000,N,3,17,-27.5,10,18,20,2
2001,N,1,10.5,-33.5,10,9,20,2
2001,N,1,40.5,-64.5,10,0,1,2
2001,S,4,-7.5,-22.5,10,41,48,2
2001,S,4,-2.5,-7.5,10,25,54,2
2001,N,4,23.5,-18.5,10,3,8,2
2001,N,4,22.5,-38,10,27,14,2
2001,S,1,-7.5,-12.5,10,29,64,2
2001,N,1,37.5,-37.5,10,2,7,2
2001,S,1,-12.5,2.5,10,3,39,2
2001,N,1,14.5,-33.5,10,13,20,2
2001,N,1,16.5,-42.5,10,22,12,2
2001,N,2,7.5,-43.5,10,4,5,2
2001,S,2,-42.5,2.5,10,0,85,2
2001,N,2,2.5,-13,10,4,4,2
2001,S,3,-38,16,10,0,8,2
2002,N,1,7.5,-27.5,10,23,63,2
2002,N,4,16.5,-18.5,10,5,55,2
2002,S,4,-12.5,6,10,1,20,2
2002,N,4,27.5,-43.5,10,51,35,2
2002,N,4,28.5,-72.5,10,26,20,2
2002,N,1,2.5,-23.5,10,13,20,2
2002,N,1,32.5,-57.5,10,79,97,2
2002,N,1,7.5,-32.5,10,9,21,2
2002,S,2,-27.5,1.5,10,12,21,2
2002,N,2,8.5,-22,10,4,8,2
2002,S,2,-41.5,3.5,10,0,20,2
2002,S,2,-40.5,9.5,10,0,3,2
2002,S,2,-42.5,5.5,10,0,20,2
2002,N,2,11,-50.5,10,17,6,2
2002,N,3,1.5,-21.5,10,4,20,2
2002,N,3,2.5,-23,10,7,20,2
2002,S,3,-32.5,7.5,10,1,33,2
2002,S,3,-11.5,7.5,10,0,5,2
2003,S,1,-7.5,-2.5,10,0,20,2
2003,N,1,2.5,-27.5,10,58,93,2
2003,S,4,-27.5,12.5,10,1,25,2
2003,S,4,-1.5,-28.5,10,5,9,2
2003,S,4,-15.5,1.5,10,1,20,2
2003,N,4,25.5,-74.5,10,32,20,2
2003,N,4,41.5,-33.5,10,0,1,2
2003,N,4,47.5,-28.5,10,0,20,2
2003,N,4,47.5,-26.5,10,0,20,2
2003,S,1,-8.5,-22.5,10,15,15,2
2003,N,1,4.5,-20.5,10,1,2,2
2003,N,1,6.5,-18.5,10,1,10,2
2003,N,1,7.5,-27.5,10,34,87,2
2003,S,1,-4.5,-1.5,10,3,20,2
2003,N,1,14.5,-31.5,10,4,15,2
2003,N,1,33,-56.5,10,7,16,2
2003,S,2,-22.5,1.5,10,13,23,2
2003,N,2,27.5,-57.5,10,89,81,2
2003,N,2,37.5,-21.5,10,1,21,2
2003,N,2,7.5,-32.5,10,6,20,2
2003,S,2,-37.5,-9.5,10,0,1,2
2003,S,2,-40.5,17.5,10,0,20,2
2003,S,2,-43.5,19.5,10,0,20,2
2003,N,2,2.5,-27.5,10,24,46,2
2003,N,2,12.5,-47,10,11,10,2
2003,S,2,-41.5,8.5,10,0,20,2
2003,S,2,-44.5,7.5,10,0,20,2
2003,S,3,-40.5,9.5,10,0,15,2
2004,S,1,-14.5,-4.5,10,6,20,2
2004,N,1,1.5,-22.5,10,21,36,2
2004,N,1,27.5,-42.5,10,30,44,2
2004,N,1,33,-53,10,18,32,2
2004,N,4,46.5,-17.5,10,0,20,2
2004,S,4,-19.5,10.5,10,0,20,2
2004,N,4,24.5,-16.5,10,2,4,2
2004,N,4,45.5,-27.5,10,0,20,2
2004,S,4,-4.5,-1,10,6,20,2
2004,N,4,12.5,-32.5,10,26,69,2
2004,N,4,27.5,-72.5,10,94,86,2
2004,S,1,-8.5,-12.5,10,14,49,2
2004,N,1,16.5,-37.5,10,34,31,2
2004,N,1,29.5,-58,10,18,20,2
2004,S,1,-7.5,-7.5,10,11,48,2
2004,S,1,-0.5,-6.5,10,10,20,2
2004,N,2,1.5,-32.5,10,48,59,2
2004,N,2,18.5,-24,10,1,4,2
2004,N,2,17.5,-57.5,10,25,9,2
2004,N,2,23.5,-28.5,10,9,9,2
2004,N,2,28,-58,10,3,4,2
2004,S,2,-11.5,-2,10,1,6,2
2004,S,3,-19,11,10,0,20,2
2004,N,3,1.5,-12.5,10,1,13,2
2004,S,3,-28.5,6.5,10,3,20,2
2004,N,3,21.5,-32.5,10,15,8,2
2005,S,1,-5.5,-8.5,10,7,20,2
2005,S,4,-8.5,-22.5,10,7,10,2
2005,N,4,23.5,-18.5,10,9,20,2
2005,N,4,12.5,-32,10,3,26,2
2005,S,4,-2,-2.5,10,25,64,2
2005,N,4,26.5,-70.5,10,24,20,2
2005,N,4,47.5,-38,10,0,20,2
2005,N,1,32.5,-52.5,10,40,69,2
2005,N,1,32.5,-12.5,10,4,83,2
2005,N,1,32.5,-32.5,10,18,60,2
2005,S,2,-3.5,-2.5,10,7,28,2
2005,N,2,26.5,-28,10,2,8,2
2005,N,2,32.5,-23.5,10,1,20,2
2005,N,2,36.5,-21.5,10,0,5,2
2005,N,2,27.5,-32.5,10,36,51,2
2005,N,2,30.5,-13,10,0,20,2
2005,N,2,33.5,-13,10,1,20,2
2005,N,2,34.5,-11,10,0,6,2
2005,N,2,7.5,-22.5,10,17,77,2
2005,S,2,-41.5,-7.5,10,0,17,2
2005,N,2,1,-37.5,10,2,4,2
2005,N,2,27.5,-33.5,10,51,65,2
2005,N,3,22.5,-22.5,10,29,64,2
2005,S,3,-35.5,14.5,10,0,1,2
2005,N,3,15.5,-19,10,2,20,2
2006,S,1,-12.5,-7.5,10,4,46,2
2006,N,1,32.5,-57.5,10,17,51,2
2006,S,4,-38,18,10,0,14,2
2006,S,4,-8,-11,10,2,2,2
2006,S,4,-2,-22.5,10,20,28,2
2006,S,4,-2,-27.5,10,11,26,2
2006,N,4,8,-32.5,10,1,2,2
2006,S,4,-12.5,-2.5,10,0,6,2
2006,N,1,14.5,-26.5,10,4,14,2
2006,N,2,31.5,-27,10,5,18,2
2006,S,2,-7.5,-22.5,10,20,32,2
2006,N,2,13.5,-26.5,10,3,25,2
2006,N,2,28.5,-42.5,10,12,22,2
2006,N,2,15.5,-18.5,10,1,20,2
2006,N,2,18.5,-18.5,10,2,20,2
2006,N,3,15.5,-18.5,10,2,20,2
2006,N,3,19.5,-17.5,10,0,20,2
2006,N,3,2.5,2.5,10,7,25,2
2006,N,3,10.5,-33.5,10,0,1,2
2007,N,1,47.5,-38.5,10,1,13,2
2007,N,4,8,-27,10,0,2,2
2007,N,4,7.5,-33,10,2,12,2
2007,S,4,-18.5,1.5,10,4,20,2
2007,S,4,-7.5,11.5,10,1,20,2
2007,S,4,-6.5,10.5,10,2,20,2
2007,S,4,-3.5,-13.5,10,2,20,2
2007,S,4,-0.5,-6.5,10,4,13,2
2007,N,1,9.5,-25.5,10,0,2,2
2007,N,1,13.5,-31.5,10,1,20,2
2007,N,1,13.5,-37.5,10,3,17,2
2007,N,1,29.5,-13.5,10,0,26,2
2007,N,1,5.5,-29.5,10,2,20,2
2007,N,1,9.5,-27,10,2,20,2
2007,N,2,12.5,-32,10,2,10,2
2007,N,2,29.5,-13.5,10,3,20,2
2007,N,2,7.5,-42.5,10,18,54,2
2007,S,3,-3.5,9.5,10,1,20,2
2007,S,3,-0.5,7.5,10,3,20,2
2007,N,3,12.5,-27.5,10,1,20,2
2007,S,3,-3.5,5.5,10,0,20,2
2007,S,3,-3.5,8.5,10,3,20,2
2007,S,3,-31.5,6.5,10,2,41,2
2008,N,1,2.5,-32.5,10,13,26,2
2008,N,1,8.5,-28.5,10,9,20,2
2008,S,4,-18.5,8.5,10,0,20,2
2008,S,4,-16.5,8,10,0,20,2
2008,S,4,-39,11.5,10,0,2,2
2008,S,4,-17.5,10.5,10,1,67,2
2008,S,4,-8.5,-3.5,10,2,20,2
2008,S,4,-8.5,2.5,10,4,20,2
2008,N,4,10.5,-32.5,10,2,20,2
2008,N,4,16.5,-18.5,10,0,20,2
2008,N,4,49.5,-12.5,10,0,1,2
2008,S,1,-14.5,-6.5,10,4,20,2
2008,S,1,-11.5,-5.5,10,3,20,2
2008,N,1,6.5,-28.5,10,6,20,2
2008,N,1,2.5,-26.5,10,11,20,2
2008,N,1,7.5,-24,10,4,20,2
2008,S,2,-36.5,18.5,10,2,20,2
2008,N,2,0.5,-2.5,10,3,20,2
2008,S,2,-41.5,3.5,10,0,20,2
2008,N,2,7.5,-34.5,10,1,2,2
2008,S,3,-32,3,10,0,6,2
2008,S,3,-41.5,19.5,10,0,20,2
2008,S,3,-43.5,16.5,10,0,20,2
2008,S,3,-2.5,-19,10,0,2,2
2008,N,3,12.5,-53.5,10,40,23,2
2008,N,3,31.5,-20.5,10,0,3,2
2008,N,3,45.5,-7.5,10,0,1,2
2008,S,3,-27.5,2.5,10,6,66,2
2008,N,3,49.5,-44.5,10,0,1,2
2008,N,3,8,-42,10,0,4,2
2009,S,1,-6.5,-15.5,10,13,20,2
2009,S,1,-8.5,-6.5,10,2,20,2
2009,N,1,13.5,-26.5,10,5,20,2
2009,N,1,14.5,-30.5,10,8,20,2
2009,S,4,-6.5,11.5,10,0,20,2
2009,S,4,-2.5,-12.5,10,5,31,2
2009,S,4,-7.5,-4,10,3,20,2
2009,N,4,1.5,6.5,10,2,15,2
2009,N,2,8.5,-21.5,10,3,20,2
2009,N,3,14.5,-77.5,10,50,20,2
2009,N,3,6.5,-13.5,10,3,35,2
2009,S,3,-16.5,10.5,10,0,20,2
2009,S,3,-28,7.5,10,0,4,2
2009,S,3,-8.5,11,10,0,20,2
2010,S,1,-10.5,-3.5,10,0,20,2
2010,S,1,-1.5,-1.5,10,0,6,2
2010,N,1,6.5,-23.5,10,6,20,2
2010,N,1,9.5,-20.5,10,0,4,2
2010,N,1,8.5,-26.5,10,4,20,2
2010,S,4,-19.5,7.5,10,0,20,2
2010,S,4,-16.5,6.5,10,1,20,2
2010,S,4,-18.5,8.5,10,0,20,2
2010,N,4,13.5,-77.5,10,12,14,2
2010,N,4,17.5,-32.5,10,11,23,2
2010,N,1,2.5,-18.5,10,4,14,2
2010,N,1,7.5,-22.5,10,4,20,2
2010,N,1,5.5,-29.5,10,6,20,2
2010,S,2,-7.5,2.5,10,9,75,2
2010,S,2,-3.5,-11.5,10,3,15,2
2010,S,2,-1,-15.5,10,4,4,2
2010,S,3,-12.5,-7,10,6,22,2
2010,S,3,-9.5,-5.5,10,0,3,2
2010,S,3,-8.5,11.5,10,0,20,2
2010,S,3,-7.5,10.5,10,0,20,2
2010,N,3,7.5,-32.5,10,1,5,2
2011,S,1,-7.5,-0.5,10,2,20,2
2011,S,4,-14.5,10.5,10,0,20,2
2011,S,4,-5.5,-15.5,10,1,1,2
2011,N,4,4.5,1,10,3,20,2
2011,S,4,-2.5,3.5,10,3,20,2
2011,S,4,-12.5,11.5,10,1,28,2
2011,N,1,9.5,-24.5,10,5,20,2
2011,N,1,9.5,-22.5,10,4,20,2
2011,N,1,5.5,-20.5,10,10,20,2
2011,N,2,1.5,7.5,10,2,20,2
2011,S,2,-2.5,7.5,10,4,20,2
2012,S,4,-17.5,1.5,10,0,20,2
2012,S,4,-10.5,12.5,10,0,7,2
2012,S,4,-8.5,-13,10,4,20,2
2012,S,1,-13.5,8.5,10,0,1,2
2012,N,1,2.5,-12.5,10,0,5,2
2012,N,1,5.5,-22.5,10,8,20,2
2012,N,1,9.5,-20.5,10,0,3,2
2012,S,2,-10.5,-10.5,10,0,1,2
2012,N,2,0.5,5.5,10,8,20,2
2012,N,2,12.5,-21.5,10,0,3,2
2012,S,2,-4.5,5.5,10,3,20,2
2012,S,2,-4.5,7.5,10,2,20,2
2012,S,3,-17.5,7.5,10,2,94,2
2012,N,3,18.5,-18.5,10,3,29,2
2012,N,3,17.5,-22,10,2,20,2
2013,S,1,-11.5,2.5,10,0,20,2
2013,S,4,-15.5,6.5,10,0,20,2
2013,S,4,-15.5,9.5,10,0,5,2
2013,S,4,-17.5,8.5,10,0,20,2
2013,N,4,13.5,-32.5,10,3,27,2
2013,N,4,5.5,-34,10,0,2,2
2013,N,4,44.5,-54.5,10,0,3,2
2013,N,1,6.5,-27.5,10,5,20,2
2013,N,2,12.5,-42.5,10,37,73,2
2013,S,2,-17.5,2.5,10,1,9,2
2013,S,2,-42.5,7.5,10,0,20,2
2013,S,2,-41.5,3.5,10,0,20,2
2013,S,2,-43.5,-3.5,10,0,20,2
2013,S,3,-17.5,5.5,10,0,20,2
2013,S,3,-22.5,1.5,10,0,20,2
2013,N,3,12.5,-22.5,10,6,47,2
2013,S,3,-5.5,10.5,10,0,12,2
2013,S,3,-6.5,8.5,10,0,1,2
2013,N,3,16.5,-28.5,10,4,20,2
2013,N,3,47.5,-46.5,10,0,17,2
2014,N,1,14.5,-34.5,10,4,20,2
2014,S,4,-8.5,2.5,10,0,9,2
2014,N,4,17.5,-32.5,10,5,26,2
2014,S,4,-17.5,1.5,10,3,46,2
2014,S,1,-8.5,4,10,0,20,2
2014,N,1,7.5,-22.5,10,5,20,2
2014,N,2,12.5,-38.5,10,4,20,2
2014,N,2,5.5,-23.5,10,2,20,2
2014,N,2,8.5,-32.5,10,5,23,2
2014,N,2,12.5,-27.5,10,9,67,2
2014,S,3,-18.5,9.5,10,0,20,2
2014,S,3,-17.5,5.5,10,0,20,2
2014,S,3,-15.5,5.5,10,0,20,2
2015,S,4,-22.5,2.5,10,0,20,2
2015,S,4,-32.5,7.5,10,0,1,2
2015,N,4,45.5,-48.5,10,0,20,2
2015,N,1,14.5,-33.5,10,5,20,2
2015,N,1,9.5,-20.5,10,0,14,2
2015,S,2,-8,-2.5,10,2,12,2
2015,S,2,-44.5,-4.5,10,0,20,2
2015,S,2,-43.5,-2.5,10,0,20,2
2015,S,2,-42.5,-4.5,10,0,20,2
2015,S,3,-28,1.5,10,0,8,2
2015,S,3,-20.5,4.5,10,0,17,2
2016,N,1,0.5,-19.5,10,0,1,2
2016,S,4,-19.5,0.5,10,0,20,2
2016,S,1,-12.5,-12.5,10,5,16,2
2016,N,1,5.5,-28,10,9,20,2
2016,N,1,7,-37,10,0,2,2
2016,N,3,19.5,-32.5,10,6,20,2
2017,N,1,7.5,-27.5,10,15,54,2
2017,N,4,47.5,-47.5,10,0,29,2
2017,N,4,12.5,-77.5,10,17,15,2
2017,S,4,-7.5,2.5,10,0,20,2
2017,S,1,-11.5,-11.5,10,0,11,2
2017,N,1,18.5,-29.5,10,2,11,2
2017,N,1,6.5,-22.5,10,2,20,2
2017,S,2,-40.5,-3.5,10,0,20,2
2017,S,2,-33.5,2.5,10,3,23,2
2017,S,2,-44.5,-9.5,10,0,20,2
2017,S,2,-43.5,-8.5,10,0,20,2
2017,N,2,13.5,-78.5,10,24,25,2
2017,S,2,-37.5,3.5,10,0,3,2
2017,N,2,13.5,-21.5,10,2,19,2
2017,S,3,-16.5,6.5,10,0,20,2
2017,S,3,-20.5,1.5,10,1,20,2
2018,N,1,17,-22.5,10,5,20,2
2018,S,4,-7.5,-28.5,10,2,7,2
2018,N,4,2.5,-26.5,10,1,5,2
2018,S,1,-10.5,-2.5,10,1,20,2
2018,N,1,1.5,-18,10,20,84,2
2018,S,2,-17.5,2.5,10,4,20,2
2018,N,2,4,-26.5,10,0,2,2
2018,S,2,-23.5,6.5,10,3,20,2
2018,S,2,-22.5,7.5,10,1,20,2
2018,S,2,-20.5,7.5,10,2,20,2
2018,S,2,-40.5,-3,10,0,20,2
2018,N,3,16.5,-32.5,10,1,5,2
2018,N,3,13.5,-22.5,10,2,20,2
2018,N,3,23.5,-26.5,10,3,8,2
1990,S,1,-8.5,-14,24,29,20,2
1990,S,1,-9.5,-24.5,24,53,20,2
1990,S,4,-8.5,-12.5,24,1,1,2
1990,S,4,-7.5,2.5,24,11,36,2
1990,S,4,-4.5,-6.5,24,9,20,2
1990,N,4,8.5,-18.5,24,2,5,2
1990,S,4,-7.5,-22.5,24,38,26,2
1990,S,1,-5.5,-13.5,24,12,20,2
1990,S,1,-7.5,-11.5,24,10,20,2
1990,S,1,-6.5,-12.5,24,10,20,2
1990,S,1,-7.5,-17.5,24,21,20,2
1990,S,1,-6.5,-17,24,17,20,2
1990,N,1,34.5,-7.5,24,0,1,2
1990,N,1,7.5,-23.5,24,27,40,2
1990,S,2,-5.5,-17.5,24,31,20,2
1990,N,2,35.5,-14.5,24,0,1,2
1990,S,2,-5.5,-11.5,24,7,11,2
1990,S,2,-9.5,-19.5,24,45,20,2
1990,N,2,38,-22.5,24,2,4,2
1990,S,3,-7.5,-21.5,24,19,20,2
1990,S,3,-6,0,24,4,4,2
1990,N,3,3,-12.5,24,14,28,2
1990,S,3,-7.5,8.5,24,2,10,2
1990,S,3,-1,-22.5,24,27,20,2
1990,S,3,-2.5,-26.5,24,24,20,2
1990,S,3,-1.5,1.5,24,10,20,2
1991,S,1,-8.5,-12.5,24,17,20,2
1991,S,1,-7.5,-15.5,24,26,20,2
1991,S,1,-6,-17.5,24,18,20,2
1991,S,1,-8.5,-18.5,24,34,20,2
1991,S,1,-5.5,-21,24,6,8,2
1991,S,1,-7.5,-1.5,24,21,53,2
1991,S,1,-2.5,-7.5,24,26,31,2
1991,S,4,-4.5,-7.5,24,17,20,2
1991,N,4,4.5,2.5,24,9,14,2
1991,S,4,-13.5,9.5,24,0,1,2
1991,S,4,-6.5,-19.5,24,27,20,2
1991,S,1,-9.5,-18.5,24,28,20,2
1991,S,1,-5.5,-17.5,24,19,20,2
1991,S,1,-9.5,-15.5,24,24,20,2
1991,S,1,-9.5,-26.5,24,0,1,2
1991,S,1,-6.5,-5.5,24,14,20,2
1991,S,1,0,-22.5,24,5,6,2
1991,S,1,-6.5,-12.5,24,6,20,2
1991,S,1,-2,-13,24,22,24,2
1991,N,1,7.5,-21.5,24,7,20,2
1991,S,2,-7.5,-24.5,24,35,20,2
1991,S,2,-2.5,-21.5,24,21,20,2
1991,S,2,-7.5,-24.5,24,47,20,2
1991,S,2,-7.5,-12.5,24,31,51,2
1991,S,2,-8.5,-16.5,24,27,20,2
1991,S,2,-5.5,-15.5,24,13,20,2
1991,S,2,-9.5,-22.5,24,55,20,2
1991,S,2,-5.5,-24.5,24,23,20,2
1991,S,3,-5.5,-23.5,24,20,20,2
1991,S,3,-7.5,-6.5,24,8,18,2
1991,N,3,12.5,-46.5,24,21,7,2
1991,S,3,-14,-23,24,8,4,2
1991,S,3,-19.5,10.5,24,0,7,2
1991,S,3,-1.5,-27.5,24,92,71,2
1991,N,3,11.5,-27.5,24,11,21,2
1992,S,1,-12.5,-7.5,24,7,9,2
1992,S,1,-6.5,-18.5,24,22,20,2
1992,S,1,-7.5,-16.5,24,14,20,2
1992,S,1,-5.5,-23.5,24,24,20,2
1992,S,1,-5.5,-22.5,24,23,20,2
1992,S,1,-1.5,-18.5,24,20,20,2
1992,S,1,-4.5,-23.5,24,42,20,2
1992,N,1,12.5,-21.5,24,5,19,2
1992,N,1,7.5,-22.5,24,77,86,2
1992,S,4,-12.5,7.5,24,3,37,2
1992,N,4,1,-47.5,24,5,2,2
1992,S,4,-2,-26.5,24,10,16,2
1992,S,4,-18.5,8.5,24,0,20,2
1992,S,4,-9.5,-17.5,24,24,20,2
1992,S,4,-6.5,-17.5,24,20,20,2
1992,S,4,-2.5,-27,24,11,14,2
1992,S,4,-3.5,-6.5,24,10,20,2
1992,S,4,-4.5,-0.5,24,11,20,2
1992,S,4,-3.5,-2.5,24,12,20,2
1992,N,4,7,-17,24,6,8,2
1992,S,1,-8.5,-12,24,24,20,2
1992,S,1,-6.5,-19.5,24,24,20,2
1992,S,1,-6.5,-18.5,24,25,20,2
1992,S,1,-7.5,-7.5,24,22,20,2
1992,N,1,7.5,-27.5,24,18,20,2
1992,N,1,9.5,-25.5,24,8,12,2
1992,S,1,-33.5,-9.5,24,1,1,2
1992,N,1,11.5,-22.5,24,13,35,2
1992,S,2,-9.5,-21.5,24,54,20,2
1992,S,2,-5.5,-23.5,24,27,20,2
1992,S,2,-6.5,-19,24,29,20,2
1992,N,3,5.5,-29.5,24,2,1,2
1992,N,3,10.5,-28.5,24,11,20,2
1992,N,3,12.5,-28,24,13,20,2
1992,S,3,-32,15.5,24,0,2,2
1992,N,3,21,-23.5,24,8,4,2
1993,S,1,-5.5,-11.5,24,10,20,2
1993,S,1,-7.5,-13.5,24,20,20,2
1993,S,1,-9.5,-8.5,24,7,20,2
1993,S,1,-5.5,-5.5,24,12,20,2
1993,S,1,-8.5,-7.5,24,15,20,2
1993,S,4,-2.5,-2.5,24,61,84,2
1993,S,4,-7.5,-11.5,24,3,5,2
1993,S,4,-2.5,-6.5,24,10,20,2
1993,S,1,-9.5,-8.5,24,7,20,2
1993,N,1,6.5,-24,24,21,20,2
1993,N,1,5.5,-29.5,24,18,20,2
1993,N,1,6.5,-26,24,18,20,2
1993,N,1,7.5,-32.5,24,73,73,2
1993,S,1,-6.5,-13.5,24,15,20,2
1993,S,1,-6.5,-10.5,24,19,20,2
1993,N,1,11.5,-22.5,24,4,12,2
1993,N,1,5.5,-25.5,24,16,20,2
1993,S,2,-7.5,-18.5,24,33,20,2
1993,S,2,-2.5,-17.5,24,80,97,2
1993,S,2,-7.5,-18.5,24,41,20,2
1993,S,2,-7.5,-17,24,21,20,2
1993,S,2,-2.5,-12.5,24,27,45,2
1993,S,2,-7.5,-15.5,24,26,20,2
1993,S,2,-8.5,-23.5,24,45,20,2
1993,S,2,-8.5,3,24,7,20,2
1993,N,2,31.5,-28.5,24,18,11,2
1993,N,2,6.5,-26.5,24,4,4,2
1993,S,3,-23,11,24,0,8,2
1993,S,3,-2.5,-22.5,24,14,20,2
1993,N,3,6.5,-28.5,24,11,13,2
1993,S,3,-2,-22.5,24,21,20,2
1993,N,3,2.5,-21,24,24,20,2
1993,S,3,-7.5,-21.5,24,22,20,2
1993,N,3,2.5,-12.5,24,17,28,2
1993,S,3,-2.5,-20.5,24,15,20,2
1993,N,3,4.5,-27.5,24,22,18,2
1994,S,1,-13.5,-0.5,24,3,20,2
1994,S,1,-7.5,-5.5,24,18,20,2
1994,S,1,-8.5,-4.5,24,11,20,2
1994,S,4,-7.5,-22.5,24,67,60,2
1994,S,4,-7.5,10.5,24,1,9,2
1994,S,4,-0.5,-3,24,18,20,2
1994,N,4,7.5,-42.5,24,33,37,2
1994,S,4,-7.5,-24.5,24,23,20,2
1994,S,4,-4.5,-8.5,24,16,20,2
1994,N,4,3,-6,24,3,4,2
1994,N,4,0.5,7.5,24,1,2,2
1994,S,4,-7.5,-18.5,24,27,20,2
1994,S,4,-0.5,-11.5,24,11,18,2
1994,S,4,-4.5,1.5,24,9,20,2
1994,N,4,10.5,-32,24,12,20,2
1994,N,4,13.5,-33,24,6,20,2
1994,N,4,9,-47.5,24,1,2,2
1994,S,1,-5.5,-14.5,24,18,20,2
1994,S,1,-6.5,-19.5,24,21,20,2
1994,S,1,-8.5,-16.5,24,19,20,2
1994,S,1,-8.5,-15.5,24,15,20,2
1994,S,1,-7.5,-19.5,24,26,20,2
1994,S,1,-9.5,-7.5,24,14,20,2
1994,N,1,6.5,-22.5,24,13,20,2
1994,N,1,7.5,-23.5,24,17,20,2
1994,N,1,7.5,-32.5,24,11,11,2
1994,S,1,-5.5,-18.5,24,20,20,2
1994,S,1,-5.5,-15.5,24,0,1,2
1994,S,1,-7.5,-7.5,24,59,91,2
1994,S,1,-2.5,-0.5,24,0,1,2
1994,N,1,7.5,-17.5,24,14,23,2
1994,N,1,6.5,-24.5,24,16,20,2
1994,S,2,-25.5,-18.5,24,4,1,2
1994,S,2,-28.5,6.5,24,53,47,2
1994,S,2,-6.5,-1.5,24,17,31,2
1994,S,2,-5.5,-15.5,24,0,1,2
1994,S,2,-22.5,-0.5,24,13,15,2
1994,S,2,-9.5,-18.5,24,26,20,2
1994,N,2,12.5,-23,24,0,4,2
1994,N,2,38,-29.5,24,2,2,2
1994,S,3,-13.5,-1.5,24,6,14,2
1994,S,3,-27.5,-1.5,24,27,49,2
1994,S,3,-7.5,-22.5,24,108,79,2
1994,N,3,11.5,-28.5,24,7,20,2
1994,N,3,14,-26,24,7,20,2
1994,N,3,9.5,-49.5,24,3,3,2
1994,S,3,-24.5,12.5,24,0,1,2
1994,N,3,13.5,-26.5,24,10,20,2
1994,S,3,-4.5,9.5,24,0,1,2
1994,N,3,21.5,-28,24,14,8,2
1994,N,3,7.5,-22.5,24,26,33,2
1995,S,1,-12.5,-12.5,24,31,25,2
1995,S,1,-9.5,-7.5,24,5,20,2
1995,S,1,-5.5,-8.5,24,10,20,2
1995,S,1,-9.5,-6.5,24,6,20,2
1995,S,1,-5.5,-2.5,24,12,20,2
1995,N,1,9.5,-20.5,24,3,5,2
1995,N,1,8.5,-24,24,19,20,2
1995,S,4,-2,-13.5,24,11,20,2
1995,N,4,2.5,-0.5,24,19,20,2
1995,N,4,22.5,-18.5,24,1,1,2
1995,S,4,-3.5,-7.5,24,17,20,2
1995,S,4,-3.5,-3.5,24,10,20,2
1995,N,4,6.5,-33.5,24,19,25,2
1995,S,4,-8.5,-14.5,24,7,20,2
1995,S,4,-7.5,-13,24,10,20,2
1995,S,4,-9.5,-2.5,24,7,20,2
1995,S,4,-2.5,-6.5,24,11,20,2
1995,S,4,-4.5,1.5,24,10,20,2
1995,N,4,7.5,-22.5,24,42,73,2
1995,N,4,8.5,-26.5,24,10,20,2
1995,S,1,-7.5,-11.5,24,9,20,2
1995,S,1,-8.5,-3.5,24,9,20,2
1995,S,1,-6.5,-1.5,24,6,20,2
1995,S,1,-8.5,7.5,24,1,3,2
1995,N,1,6.5,-24.5,24,18,20,2
1995,N,1,9.5,-28.5,24,15,20,2
1995,S,1,-13.5,-12.5,24,5,5,2
1995,N,1,7.5,-24.5,24,11,20,2
1995,N,1,8.5,-41.5,24,4,7,2
1995,S,2,-5.5,-17.5,24,10,12,2
1995,N,2,7.5,-27.5,24,30,72,2
1995,S,2,-27.5,6.5,24,22,23,2
1995,S,2,-9.5,-17.5,24,27,20,2
1995,S,2,-28.5,11,24,4,18,2
1995,N,2,11.5,-23.5,24,15,44,2
1995,N,2,22,-28.5,24,34,14,2
1995,N,2,8.5,-22,24,8,20,2
1995,N,2,9.5,-23,24,5,20,2
1995,N,3,10.5,-26.5,24,5,20,2
1995,N,3,12.5,-26.5,24,11,20,2
1995,N,3,11.5,-80.5,24,22,7,2
1995,S,3,-7.5,-27.5,24,30,19,2
1995,N,3,1.5,-0.5,24,4,18,2
1995,N,3,12.5,-32.5,24,48,87,2
1995,S,3,-1.5,-22.5,24,55,63,2
1995,N,3,21.5,-27.5,24,36,15,2
1995,N,3,36.5,-36.5,24,5,3,2
1996,S,1,-7.5,-12.5,24,12,20,2
1996,N,1,7.5,-37.5,24,2,2,2
1996,N,1,8.5,-46.5,24,3,2,2
1996,N,4,15.5,-18.5,24,3,20,2
1996,S,4,-12.5,2,24,3,42,2
1996,N,4,41.5,-42.5,24,6,8,2
1996,N,4,7.5,-22,24,14,20,2
1996,N,4,1.5,-6.5,24,5,12,2
1996,N,4,26.5,-22.5,24,81,56,2
1996,S,1,-10.5,-5.5,24,2,6,2
1996,S,1,-9.5,-11.5,24,9,20,2
1996,S,1,-5.5,-13.5,24,12,20,2
1996,S,1,-5.5,-10.5,24,5,20,2
1996,S,1,-8.5,-11.5,24,9,20,2
1996,N,1,31.5,-23.5,24,0,4,2
1996,S,1,-32.5,6.5,24,5,11,2
1996,S,1,-2,-7.5,24,17,26,2
1996,N,1,12.5,-32.5,24,9,20,2
1996,N,1,7.5,-22.5,24,3,20,2
1996,N,1,8.5,-26.5,24,11,20,2
1996,S,2,-26.5,5.5,24,11,20,2
1996,N,2,33.5,-24.5,24,3,20,2
1996,N,2,7.5,-32.5,24,20,30,2
1996,S,2,-27.5,7.5,24,52,97,2
1996,S,2,-37.5,-7.5,24,4,69,2
1996,S,2,-42.5,3.5,24,0,20,2
1996,S,2,-43.5,3.5,24,0,20,2
1996,S,2,-46.5,12.5,24,0,27,2
1996,S,2,-7.5,-17.5,24,20,20,2
1996,S,2,-40.5,-7,24,0,20,2
1996,S,2,-41.5,-1.5,24,0,20,2
1996,S,2,-43.5,-2.5,24,0,20,2
1996,S,2,-44.5,11.5,24,0,20,2
1996,S,3,-0.5,-23.5,24,22,34,2
1996,N,3,10.5,-32,24,8,20,2
1996,N,3,36.5,-17.5,24,8,39,2
1996,N,3,13.5,-36.5,24,15,21,2
1996,N,3,17.5,-28.5,24,19,20,2
1996,N,3,22.5,-22.5,24,129,96,2
1996,S,3,-22.5,9.5,24,0,5,2
1996,S,3,-32.5,10.5,24,0,1,2
1996,N,3,48,-23.5,24,1,8,2
1997,S,1,-13,-16.5,24,2,2,2
1997,N,1,12.5,-22,24,4,30,2
1997,N,1,7.5,-20.5,24,5,20,2
1997,N,1,5.5,-21.5,24,10,20,2
1997,N,1,6.5,-21.5,24,5,20,2
1997,S,4,-2.5,-28.5,24,4,3,2
1997,S,4,-4.5,-1.5,24,3,20,2
1997,S,4,-1.5,-4.5,24,6,20,2
1997,S,4,-6.5,6.5,24,0,1,2
1997,S,4,-7.5,-2.5,24,2,20,2
1997,N,4,13.5,-36.5,24,0,1,2
1997,N,4,16.5,-32.5,24,34,20,2
1997,N,1,17,-37.5,24,8,6,2
1997,N,1,7.5,-23.5,24,10,20,2
1997,N,1,7.5,-20.5,24,5,20,2
1997,N,1,8.5,-20.5,24,3,20,2
1997,S,1,-6.5,-16.5,24,13,20,2
1997,N,1,5.5,-27.5,24,14,20,2
1997,N,2,32.5,-10.5,24,3,20,2
1997,N,2,34.5,-11.5,24,1,20,2
1997,S,2,-7.5,-27.5,24,55,34,2
1997,N,2,14.5,-27.5,24,9,20,2
1997,N,2,32.5,-11.5,24,6,20,2
1997,N,2,30.5,-12.5,24,10,20,2
1997,N,2,33.5,-21.5,24,12,20,2
1997,S,2,-5.5,-15.5,24,8,9,2
1997,S,3,-40.5,3,24,0,14,2
1997,S,3,-8.5,-7.5,24,14,21,2
1997,S,3,-2.5,-12.5,24,2,13,2
1997,S,3,-2.5,2.5,24,8,23,2
1997,N,3,19.5,-17.5,24,4,17,2
1998,S,1,-11.5,-6.5,24,0,7,2
1998,S,1,-5.5,1.5,24,3,12,2
1998,N,1,11.5,-27.5,24,5,20,2
1998,N,1,8.5,-25.5,24,9,20,2
1998,S,4,-19.5,3.5,24,3,20,2
1998,N,4,2.5,-17.5,24,10,19,2
1998,N,4,17.5,-17.5,24,2,20,2
1998,S,4,-9.5,-1.5,24,7,20,2
1998,N,4,44.5,-45.5,24,0,5,2
1998,N,4,43.5,-47,24,0,20,2
1998,S,1,-6.5,-8.5,24,4,20,2
1998,N,1,32.5,-52.5,24,4,5,2
1998,S,1,-37.5,17.5,24,6,15,2
1998,N,1,14.5,-32.5,24,4,20,2
1998,N,1,7.5,-22.5,24,6,20,2
1998,N,2,28.5,-21.5,24,17,20,2
1998,S,2,-27.5,11.5,24,5,22,2
1998,S,2,-7.5,-27.5,24,35,27,2
1998,S,2,-42.5,14,24,0,20,2
1998,S,2,-43.5,8.5,24,0,20,2
1998,N,2,13.5,-26.5,24,5,20,2
1998,N,3,17.5,-18.5,24,1,20,2
1998,N,3,17.5,-32.5,24,52,56,2
1998,S,3,-11.5,6.5,24,0,7,2
1998,S,3,-36.5,19.5,24,0,20,2
1998,S,3,-38.5,17.5,24,3,20,2
1998,S,3,-43.5,5.5,24,0,1,2
1998,S,3,-7.5,-23.5,24,0,1,2
1998,S,3,-15.5,10.5,24,0,1,2
1999,S,4,-25.5,2.5,24,4,20,2
1999,S,4,-1.5,-2.5,24,5,12,2
1999,N,4,12.5,-77.5,24,99,31,2
1999,N,4,20.5,-18.5,24,5,20,2
1999,S,4,-17.5,8.5,24,2,20,2
1999,S,4,-8.5,-7.5,24,0,7,2
1999,N,4,48.5,-43.5,24,0,20,2
1999,N,4,49.5,-40.5,24,0,12,2
1999,N,4,46.5,-44.5,24,0,20,2
1999,N,4,47.5,-47.5,24,0,5,2
1999,N,4,8.5,-47,24,8,8,2
1999,N,4,23.5,-37.5,24,7,3,2
1999,N,4,40.5,-62.5,24,1,20,2
1999,N,4,48.5,-27.5,24,1,79,2
1999,S,1,-14.5,-3.5,24,3,20,2
1999,S,1,-7.5,-16.5,24,8,10,2
1999,N,1,9.5,-24.5,24,4,20,2
1999,N,1,9.5,-20.5,24,3,12,2
1999,N,1,6,-23,24,7,20,2
1999,N,1,6.5,-21.5,24,8,20,2
1999,N,1,27.5,-32.5,24,16,11,2
1999,N,1,31.5,-12.5,24,9,20,2
1999,N,1,6.5,-21.5,24,4,20,2
1999,S,2,-22.5,7.5,24,26,64,2
1999,S,2,-6.5,-26.5,24,26,19,2
1999,N,2,12.5,-27.5,24,3,12,2
1999,N,2,34.5,-8.5,24,2,10,2
1999,N,2,36.5,-8.5,24,0,1,2
1999,N,2,14.5,-72,24,9,2,2
1999,S,2,-41.5,11.5,24,0,20,2
1999,S,3,-44.5,18.5,24,0,20,2
1999,N,3,27.5,-18,24,4,10,2
1999,N,3,11.5,-28,24,9,20,2
1999,N,3,18.5,-19.5,24,4,20,2
1999,N,3,28.5,-31.5,24,7,3,2
2000,S,1,-8.5,-1,24,5,20,2
2000,S,1,-5.5,-3.5,24,7,20,2
2000,S,1,-5.5,-1.5,24,6,20,2
2000,S,1,-5.5,-0.5,24,13,20,2
2000,S,1,-9.5,1.5,24,2,20,2
2000,N,1,27,-42,24,16,10,2
2000,N,1,39.5,-48.5,24,2,1,2
2000,S,4,-14.5,8,24,0,20,2
2000,S,4,-19.5,10.5,24,0,20,2
2000,S,4,-33.5,-47.5,24,19,23,2
2000,S,4,-2.5,-22.5,24,4,16,2
2000,N,4,2,-1.5,24,3,2,2
2000,S,4,-8.5,-27.5,24,41,39,2
2000,N,4,2.5,-18.5,24,38,55,2
2000,S,4,-3.5,7.5,24,2,5,2
2000,N,4,26.5,-38.5,24,41,20,2
2000,S,1,-6.5,-4.5,24,7,20,2
2000,S,1,-6.5,2.5,24,2,20,2
2000,S,1,-5.5,-0.5,24,6,20,2
2000,S,1,-9.5,2,24,3,20,2
2000,N,1,1.5,-22.5,24,16,20,2
2000,N,1,14.5,-34.5,24,11,20,2
2000,N,1,15.5,-45.5,24,1,1,2
2000,S,1,-6.5,3.5,24,9,20,2
2000,N,1,12.5,-31.5,24,3,20,2
2000,N,1,13.5,-31.5,24,5,20,2
2000,N,1,9.5,-28.5,24,7,20,2
2000,N,1,6.5,-29,24,9,20,2
2000,S,2,-3.5,-3.5,24,1,2,2
2000,N,2,15.5,-17.5,24,0,3,2
2000,N,2,7.5,-22.5,24,10,20,2
2000,S,2,-44.5,16.5,24,0,20,2
2000,S,2,-16.5,7.5,24,1,20,2
2000,N,2,27.5,-31.5,24,6,7,2
2000,N,2,27.5,-53.5,24,21,9,2
2000,N,3,11.5,-27.5,24,5,20,2
2000,N,3,30.5,-74.5,24,5,1,2
2000,S,3,-17,10.5,24,0,14,2
2000,N,3,37.5,-62,24,17,6,2
2001,S,1,-8.5,-8.5,24,5,20,2
2001,S,1,-9.5,-4.5,24,1,20,2
2001,N,1,0.5,-1,24,3,6,2
2001,N,1,37.5,-59.5,24,0,1,2
2001,N,4,12.5,-42.5,24,6,14,2
2001,N,4,37,-37.5,24,7,16,2
2001,S,4,-17,7.5,24,2,20,2
2001,S,4,-18.5,5.5,24,2,20,2
2001,N,4,17.5,-17.5,24,1,27,2
2001,N,4,48.5,-46.5,24,0,20,2
2001,N,4,46.5,-48.5,24,0,20,2
2001,N,4,12.5,-27.5,24,13,47,2
2001,N,4,27.5,-22.5,24,42,37,2
2001,N,4,27.5,-42.5,24,56,37,2
2001,N,4,27.5,-53.5,24,8,5,2
2001,N,4,28.5,-63.5,24,2,1,2
2001,N,4,42.5,-46.5,24,0,20,2
2001,N,4,45.5,-48.5,24,0,20,2
2001,S,1,-14.5,-20.5,24,1,1,2
2001,S,1,-12.5,-7.5,24,10,29,2
2001,S,1,-36.5,-53,24,2,4,2
2001,S,1,-6.5,-8.5,24,3,20,2
2001,S,1,-5.5,-3.5,24,5,20,2
2001,S,1,-7.5,-3.5,24,6,20,2
2001,N,1,4.5,-23,24,14,20,2
2001,N,1,1.5,-22.5,24,7,20,2
2001,S,2,-28.5,-9.5,24,2,1,2
2001,S,2,-28.5,6,24,6,20,2
2001,S,2,-27.5,8.5,24,7,20,2
2001,N,2,12.5,-32.5,24,21,74,2
2001,N,2,7.5,-32.5,24,16,38,2
2001,S,2,-44.5,7,24,0,20,2
2001,N,2,7.5,-32.5,24,12,24,2
2001,S,2,-8.5,-33.5,24,22,14,2
2001,N,2,36.5,-47.5,24,7,12,2
2001,N,3,19.5,-27.5,24,16,20,2
2001,S,3,-33.5,16.5,24,0,43,2
2001,S,3,-32.5,12.5,24,5,68,2
2001,N,3,2.5,-22.5,24,40,52,2
2002,N,1,10.5,-31.5,24,8,20,2
2002,N,1,38.5,-47.5,24,1,2,2
2002,S,4,-12.5,7.5,24,2,35,2
2002,S,4,-7.5,7.5,24,4,33,2
2002,S,4,-12.5,-16.5,24,2,3,2
2002,N,4,0.5,-21.5,24,7,20,2
2002,N,4,1.5,-24.5,24,9,20,2
2002,N,1,0.5,-28,24,14,20,2
2002,N,1,27.5,-27.5,24,8,9,2
2002,N,1,6.5,-32.5,24,19,28,2
2002,S,1,-6.5,-18,24,4,20,2
2002,S,1,-1.5,-17.5,24,47,81,2
2002,N,1,14.5,-33.5,24,5,20,2
2002,N,1,11.5,-31,24,6,20,2
2002,N,1,12,-46.5,24,10,10,2
2002,N,1,30.5,-23.5,24,11,20,2
2002,N,1,30.5,-22.5,24,5,20,2
2002,N,1,33,-42.5,24,13,20,2
2002,N,2,2.5,-33.5,24,18,33,2
2002,N,2,38.5,-13.5,24,0,20,2
2002,S,2,-42.5,18.5,24,0,20,2
2002,S,2,-43.5,6.5,24,0,20,2
2002,N,2,12.5,-37.5,24,44,68,2
2002,N,2,18.5,-27.5,24,1,1,2
2002,N,2,27.5,-23.5,24,7,9,2
2002,N,2,32.5,-27.5,24,17,49,2
2002,S,2,-12.5,-17.5,24,3,3,2
2002,N,2,3.5,-27.5,24,15,20,2
2002,S,3,-1.5,-16.5,24,1,3,2
2002,S,3,-2.5,-27.5,24,7,7,2
2002,N,3,3.5,-27.5,24,19,20,2
2002,N,3,4.5,-27,24,14,20,2
2002,N,3,2,-37.5,24,7,10,2
2002,S,3,-2.5,-12.5,24,5,24,2
2002,N,3,12.5,-31.5,24,2,11,2
2003,N,1,2.5,-23.5,24,7,20,2
2003,N,1,27.5,-47.5,24,28,23,2
2003,S,4,-0.5,1.5,24,12,46,2
2003,S,4,-7.5,7.5,24,5,54,2
2003,S,4,-12.5,11.5,24,8,55,2
2003,S,4,-19.5,8.5,24,1,20,2
2003,S,4,-16.5,6.5,24,0,20,2
2003,N,4,2.5,-18,24,7,16,2
2003,N,4,22.5,-18.5,24,3,19,2
2003,N,4,45.5,-22.5,24,0,20,2
2003,N,4,7.5,-22.5,24,3,8,2
2003,S,1,-2.5,-3.5,24,6,15,2
2003,S,1,-44.5,-33.5,24,0,5,2
2003,N,1,2.5,-25.5,24,8,20,2
2003,N,1,34.5,-70.5,24,5,6,2
2003,N,2,27.5,-63,24,28,26,2
2003,N,2,37.5,-12.5,24,4,99,2
2003,S,2,-41.5,11.5,24,0,20,2
2003,N,2,1.5,-36.5,24,7,14,2
2003,S,3,-16.5,6,24,0,2,2
2003,S,3,-27.5,12,24,1,20,2
2003,S,3,-28.5,8,24,3,20,2
2003,S,3,-6.5,-11.5,24,2,11,2
2004,S,1,-7.5,-18.5,24,5,9,2
2004,S,1,-9.5,-3.5,24,1,20,2
2004,S,1,-8.5,-1.5,24,3,20,2
2004,S,1,-5.5,4,24,2,20,2
2004,S,1,-9.5,-1.5,24,2,20,2
2004,N,1,28.5,-71.5,24,29,20,2
2004,N,1,31.5,-65.5,24,2,3,2
2004,N,1,41.5,-41.5,24,1,10,2
2004,S,4,-11.5,8.5,24,0,17,2
2004,S,4,-27.5,1.5,24,4,32,2
2004,S,4,-28.5,7.5,24,2,20,2
2004,N,4,13,-25.5,24,1,2,2
2004,S,4,-16.5,5.5,24,1,20,2
2004,S,4,-16.5,8.5,24,0,20,2
2004,S,4,-16.5,9.5,24,0,20,2
2004,N,4,17,-37.5,24,27,18,2
2004,N,4,48.5,-13.5,24,2,20,2
2004,S,4,-9.5,-3.5,24,2,20,2
2004,S,4,-8.5,-0.5,24,2,20,2
2004,N,4,42.5,-48.5,24,0,20,2
2004,N,4,46.5,-32,24,1,20,2
2004,S,1,-6.5,-22.5,24,28,53,2
2004,S,1,-1.5,-3.5,24,12,20,2
2004,S,1,-0.5,-0.5,24,6,11,2
2004,S,1,-4.5,-0.5,24,2,20,2
2004,S,1,-3.5,-2.5,24,6,20,2
2004,S,1,-2.5,-4.5,24,4,20,2
2004,N,1,12.5,-33.5,24,3,20,2
2004,N,1,25.5,-63.5,24,31,20,2
2004,N,1,29.5,-63.5,24,24,20,2
2004,N,1,29.5,-61.5,24,24,20,2
2004,N,1,34.5,-58.5,24,18,20,2
2004,S,1,-18,7.5,24,1,2,2
2004,S,1,-3.5,-2.5,24,4,20,2
2004,S,2,-27.5,2.5,24,34,90,2
2004,S,2,-28.5,12.5,24,4,20,2
2004,N,2,33,-23.5,24,3,26,2
2004,N,2,31.5,-56.5,24,11,20,2
2004,N,2,10.5,-29.5,24,6,20,2
2004,N,2,10.5,-27.5,24,5,20,2
2004,S,3,-19.5,11.5,24,0,20,2
2004,N,3,13.5,-73.5,24,36,21,2
2004,N,3,15.5,-23.5,24,2,20,2
2004,S,3,-8,-27.5,24,13,20,2
2004,N,3,27.5,-27.5,24,64,54,2
2004,N,3,47.5,-12.5,24,3,94,2
2005,N,1,31.5,-57,24,16,20,2
2005,N,1,35.5,-66.5,24,28,20,2
2005,N,1,38.5,-68.5,24,0,20,2
2005,N,1,44.5,-28.5,24,0,5,2
2005,N,4,12.5,-39.5,24,1,10,2
2005,N,4,6.5,-38.5,24,0,1,2
2005,S,4,-15.5,5.5,24,0,20,2
2005,N,4,49.5,-27.5,24,1,17,2
2005,S,4,-9.5,3.5,24,2,20,2
2005,S,4,-8.5,3,24,2,20,2
2005,N,4,31.5,-73.5,24,21,20,2
2005,N,4,46.5,-31.5,24,0,20,2
2005,S,1,-6.5,-23.5,24,13,20,2
2005,N,1,13.5,-33.5,24,4,20,2
2005,N,1,37.5,-69.5,24,4,20,2
2005,N,1,10.5,-33.5,24,1,20,2
2005,N,1,14.5,-32.5,24,5,20,2
2005,N,1,12.5,-42.5,24,8,23,2
2005,N,1,22.5,-33.5,24,0,1,2
2005,N,2,2.5,-1.5,24,16,33,2
2005,N,2,16.5,-32.5,24,11,17,2
2005,N,2,33.5,-13.5,24,0,20,2
2005,N,2,8.5,-38,24,3,4,2
2005,N,2,7.5,-27.5,24,11,53,2
2005,N,2,10.5,-28.5,24,4,20,2
2005,N,2,14.5,-27.5,24,2,20,2
2005,N,2,20.5,-23.5,24,8,20,2
2005,S,3,-42.5,11.5,24,0,5,2
2005,N,3,15.5,-23.5,24,5,20,2
2005,N,3,34.5,-8.5,24,2,3,2
2006,N,1,26.5,-63.5,24,24,20,2
2006,N,4,49.5,-10.5,24,0,15,2
2006,N,4,46.5,-13.5,24,2,20,2
2006,N,4,46.5,-10.5,24,0,20,2
2006,N,4,48.5,-11.5,24,0,20,2
2006,S,4,-12.5,11.5,24,1,51,2
2006,S,4,-11.5,7.5,24,1,13,2
2006,S,4,-4.5,3.5,24,0,20,2
2006,S,4,-14.5,5.5,24,0,20,2
2006,S,4,-11.5,6.5,24,1,20,2
2006,S,4,-6.5,7.5,24,0,20,2
2006,N,1,14.5,-26.5,24,1,5,2
2006,N,1,18.5,-36.5,24,33,37,2
2006,N,1,28.5,-62.5,24,19,20,2
2006,N,1,36.5,-57.5,24,3,2,2
2006,S,1,-4.5,-8.5,24,5,20,2
2006,S,1,-2.5,-8.5,24,4,20,2
2006,S,1,-1.5,-1.5,24,10,20,2
2006,N,1,36,-17.5,24,0,8,2
2006,N,1,35.5,-43.5,24,6,20,2
2006,S,2,-3.5,8.5,24,1,1,2
2006,N,2,38,-12.5,24,2,12,2
2006,N,2,36.5,-41.5,24,2,19,2
2006,N,2,7.5,-32.5,24,5,40,2
2006,S,2,-17.5,6.5,24,2,20,2
2006,S,2,-42.5,12.5,24,0,61,2
2006,N,2,12.5,-32.5,24,16,41,2
2006,S,3,-8,-17.5,24,5,12,2
2006,S,3,-3.5,5.5,24,0,20,2
2006,S,3,-2.5,5.5,24,2,20,2
2006,N,3,19.5,-25.5,24,1,2,2
2006,N,3,16.5,-23.5,24,4,20,2
2006,N,3,16.5,-22.5,24,4,20,2
2006,S,3,-13.5,2.5,24,0,1,2
2006,S,3,-1.5,-22.5,24,22,62,2
2006,N,3,27,-17,24,0,2,2
2006,N,3,49.5,-13.5,24,0,20,2
2006,N,3,48,-6.5,24,0,4,2
2007,N,1,10.5,-34,24,3,20,2
2007,N,1,13.5,-34.5,24,7,20,2
2007,N,1,14.5,-30.5,24,4,20,2
2007,N,1,43,-18.5,24,0,4,2
2007,N,1,42,-58.5,24,1,30,2
2007,S,4,-18.5,9,24,0,20,2
2007,N,4,14,-26.5,24,0,10,2
2007,S,4,-7.5,-7.5,24,10,70,2
2007,N,4,45.5,-25.5,24,0,20,2
2007,N,4,47.5,-32.5,24,0,68,2
2007,S,1,-12,-2.5,24,0,10,2
2007,S,1,-8.5,0.5,24,1,20,2
2007,N,1,14.5,-32.5,24,2,20,2
2007,N,1,41,-61.5,24,0,2,2
2007,S,1,-1.5,-3.5,24,7,20,2
2007,S,1,-3.5,-3.5,24,5,20,2
2007,N,1,38,-37.5,24,0,2,2
2007,S,2,-1.5,6.5,24,4,20,2
2007,N,2,33,-27.5,24,0,4,2
2007,N,2,34.5,-9.5,24,0,20,2
2007,S,2,-7.5,8.5,24,1,20,2
2007,N,2,16.5,-18.5,24,0,17,2
2007,S,3,-10.5,4,24,0,14,2
2007,S,3,-15.5,8.5,24,0,18,2
2007,N,3,17.5,-18.5,24,3,37,2
2007,S,3,-10.5,12.5,24,0,14,2
2007,N,3,12,-81.5,24,25,16,2
2007,N,3,17.5,-22.5,24,4,29,2
2008,S,1,-16.5,5.5,24,0,20,2
2008,S,1,-2.5,-22.5,24,5,11,2
2008,N,1,30.5,-72.5,24,16,20,2
2008,S,4,-6.5,-21.5,24,4,20,2
2008,S,4,-11.5,3.5,24,0,2,2
2008,N,4,17.5,-21.5,24,4,26,2
2008,S,1,-14.5,1.5,24,1,20,2
2008,S,1,-14.5,4,24,0,20,2
2008,S,1,-8.5,-7,24,1,20,2
2008,N,1,13.5,-31.5,24,1,20,2
2008,N,1,25.5,-73.5,24,23,20,2
2008,N,1,25.5,-29.5,24,1,1,2
2008,S,2,-13.5,7.5,24,3,29,2
2008,S,2,-7.5,-11.5,24,6,27,2
2008,S,2,-3.5,0.5,24,4,20,2
2008,N,2,29.5,-14.5,24,2,45,2
2008,N,2,33.5,-14.5,24,0,20,2
2008,N,2,35.5,-7.5,24,0,4,2
2008,N,2,9.5,-22.5,24,3,20,2
2008,N,2,9.5,-30.5,24,5,20,2
2008,N,2,2,-17.5,24,5,22,2
2008,N,2,2,-0.5,24,0,2,2
2008,N,2,21.5,-24.5,24,2,3,2
2008,N,2,35.5,-8.5,24,1,7,2
2008,N,2,0.5,6.5,24,4,20,2
2008,N,3,12.5,-27.5,24,1,33,2
2008,S,3,-19.5,6.5,24,0,20,2
2008,S,3,-15.5,7.5,24,0,20,2
2008,N,3,11.5,-28.5,24,2,20,2
2008,S,3,-17.5,2.5,24,0,20,2
2008,N,3,6.5,-33.5,24,1,2,2
2009,S,1,-6.5,-22,24,5,20,2
2009,N,1,11.5,-49.5,24,0,1,2
2009,N,1,9.5,-22.5,24,3,20,2
2009,S,4,-6.5,-22.5,24,5,20,2
2009,S,4,-0.5,7.5,24,1,10,2
2009,S,4,-15.5,6.5,24,0,20,2
2009,N,4,18.5,-32,24,6,6,2
2009,N,4,16.5,-18.5,24,2,20,2
2009,N,4,17.5,-19.5,24,1,20,2
2009,S,1,-9.5,-11.5,24,6,20,2
2009,S,1,-6.5,-12.5,24,7,20,2
2009,N,1,3.5,-22.5,24,11,34,2
2009,N,1,14.5,-33.5,24,9,20,2
2009,N,1,11.5,-32.5,24,2,20,2
2009,N,1,5.5,-26.5,24,1,20,2
2009,N,1,1.5,-28,24,2,20,2
2009,N,1,10.5,-29.5,24,2,20,2
2009,N,1,13.5,-31.5,24,2,20,2
2009,N,1,14.5,-33.5,24,3,20,2
2009,N,1,8,-27.5,24,2,20,2
2009,N,1,7.5,-37.5,24,7,45,2
2009,N,2,2.5,-27.5,24,12,52,2
2009,S,2,-7.5,-22.5,24,10,20,2
2009,S,2,-9.5,9.5,24,0,20,2
2009,S,2,-2.5,-23.5,24,5,20,2
2009,S,2,-1.5,-22,24,10,20,2
2009,N,2,2,-27.5,24,6,4,2
2009,N,2,17,-29,24,5,8,2
2009,S,3,-12,-17,24,5,6,2
2009,S,3,-43,11.5,24,0,12,2
2009,S,3,-11.5,-13.5,24,1,2,2
2009,N,3,11.5,-36.5,24,2,7,2
2010,S,1,-3.5,1.5,24,1,3,2
2010,N,1,11.5,-77.5,24,90,72,2
2010,N,1,17.5,-18.5,24,0,20,2
2010,S,4,-12.5,10.5,24,2,20,2
2010,S,4,-18,8,24,0,26,2
2010,S,4,-6.5,-26.5,24,0,1,2
2010,N,4,45.5,-31.5,24,0,1,2
2010,S,4,-17.5,5.5,24,0,20,2
2010,S,4,-3.5,-17.5,24,5,20,2
2010,S,1,-2.5,-7.5,24,4,15,2
2010,N,1,6.5,-21.5,24,3,20,2
2010,S,1,-3,-26.5,24,2,12,2
2010,N,2,7.5,-38,24,0,8,2
2010,N,2,2,-16.5,24,1,10,2
2010,S,2,-42.5,2.5,24,0,96,2
2010,S,3,-19.5,10.5,24,0,20,2
2010,N,3,12.5,-22.5,24,5,40,2
2010,S,3,-14.5,7.5,24,0,20,2
2010,N,3,17.5,-18.5,24,3,20,2
2011,S,1,-13.5,1.5,24,0,20,2
2011,S,1,-7.5,-17.5,24,33,88,2
2011,N,1,2.5,-28.5,24,16,42,2
2011,N,1,1.5,-32.5,24,5,22,2
2011,N,1,10.5,-32,24,3,20,2
2011,N,1,11.5,-31.5,24,3,20,2
2011,S,4,-6.5,-22.5,24,7,20,2
2011,S,4,-6.5,11.5,24,0,20,2
2011,N,4,23.5,-32.5,24,2,2,2
2011,S,4,-9.5,-19.5,24,6,20,2
2011,N,4,2.5,2,24,5,20,2
2011,S,4,-0.5,-1.5,24,3,20,2
2011,N,4,28.5,-18.5,24,2,3,2
2011,S,1,-11.5,2.5,24,1,20,2
2011,S,1,-13.5,7.5,24,1,20,2
2011,N,1,32.5,-26,24,0,6,2
2011,S,2,-7.5,-28,24,2,8,2
2011,S,2,-12.5,-12.5,24,15,69,2
2011,S,2,-18.5,3.5,24,0,3,2
2011,S,2,-37.5,-52.5,24,5,97,2
2011,N,2,3.5,-27.5,24,6,13,2
2011,N,2,2.5,2.5,24,5,27,2
2011,S,2,-2.5,6.5,24,4,29,2
2011,S,2,-6.5,-27.5,24,12,11,2
2011,S,3,-17.5,8.5,24,1,90,2
2011,N,3,2.5,-43,24,2,10,2
2011,S,3,-28.5,-7.5,24,0,2,2
2011,N,3,1.5,6.5,24,5,39,2
2011,N,3,13.5,-32.5,24,6,25,2
2011,S,3,-8.5,11.5,24,0,20,2
2011,S,3,-7.5,10.5,24,0,20,2
2012,S,1,-6.5,-17.5,24,4,20,2
2012,S,4,-2,-11.5,24,1,24,2
2012,S,4,-17.5,7.5,24,1,20,2
2012,S,4,-16.5,6.5,24,1,20,2
2012,S,4,-19.5,7.5,24,2,20,2
2012,S,4,-9.5,11.5,24,1,20,2
2012,S,4,-7.5,11.5,24,0,20,2
2012,S,4,-1.5,-8.5,24,4,18,2
2012,S,4,-18.5,7.5,24,0,20,2
2012,S,4,-18.5,9.5,24,2,20,2
2012,S,4,-17.5,6.5,24,1,20,2
2012,S,4,-17.5,6.5,24,1,20,2
2012,N,4,15.5,-17.5,24,2,20,2
2012,N,4,19.5,-17.5,24,0,15,2
2012,N,4,42.5,-51.5,24,1,14,2
2012,N,1,6.5,-21.5,24,7,20,2
2012,N,1,6.5,-20.5,24,2,20,2
2012,N,1,9.5,-25.5,24,2,9,2
2012,N,1,5.5,-25.5,24,6,20,2
2012,N,1,2.5,6.5,24,4,19,2
2012,N,1,7.5,-27.5,24,4,20,2
2012,S,2,-42.5,12.5,24,0,75,2
2012,S,2,-6.5,7.5,24,1,20,2
2012,S,2,-7.5,8.5,24,0,20,2
2012,S,2,-5.5,8.5,24,0,20,2
2012,S,2,-5.5,9.5,24,1,3,2
2012,N,2,0.5,2.5,24,8,36,2
2012,S,2,-4.5,10.5,24,5,58,2
2012,N,2,13,-57.5,24,7,10,2
2012,N,2,2.5,-23.5,24,5,33,2
2012,N,3,13.5,-42,24,7,8,2
2012,S,3,-24.5,0.5,24,2,20,2
2012,N,3,9,-23.5,24,4,10,2
2013,S,1,-12.5,-1.5,24,1,20,2
2013,N,1,13.5,-28.5,24,2,20,2
2013,N,1,9.5,-77.5,24,5,7,2
2013,N,4,24.5,-22.5,24,0,1,2
2013,S,4,-18.5,10.5,24,0,4,2
2013,S,4,-18.5,7.5,24,1,20,2
2013,S,4,-7.5,2,24,2,20,2
2013,S,1,-13.5,-2.5,24,0,20,2
2013,S,1,-6.5,-24.5,24,0,1,2
2013,N,1,7.5,-16.5,24,2,20,2
2013,N,2,11.5,-43.5,24,8,20,2
2013,S,2,-32.5,7,24,0,4,2
2013,S,3,-24.5,7.5,24,0,20,2
2013,S,3,-42.5,2.5,24,1,17,2
2013,N,3,12,-45.5,24,2,2,2
2013,S,3,-24.5,0.5,24,3,20,2
2013,S,3,-20.5,3.5,24,0,20,2
2014,S,4,-18,7.5,24,0,20,2
2014,S,4,-15.5,5.5,24,0,20,2
2014,S,1,-14.5,1.5,24,1,20,2
2014,N,1,5.5,-18.5,24,2,20,2
2014,N,1,5.5,-28.5,24,3,20,2
2014,S,2,-7.5,1.5,24,0,5,2
2014,S,2,-5.5,6.5,24,1,20,2
2014,S,2,-15.5,9.5,24,0,7,2
2014,S,2,-2.5,-6.5,24,0,11,2
2014,N,2,12.5,-33.5,24,2,12,2
2014,S,3,-16.5,8.5,24,0,20,2
2014,S,3,-18.5,8.5,24,0,20,2
2014,S,3,-28.5,2.5,24,0,5,2
2014,N,3,13.5,-27.5,24,7,75,2
2014,N,3,19.5,-27.5,24,10,20,2
2014,S,3,-11.5,-3.5,24,0,3,2
2014,S,3,-15.5,4.5,24,0,2,2
2014,S,3,-26.5,8,24,0,2,2
2014,S,3,-15.5,8.5,24,0,10,2
2015,S,1,-6.5,4,24,2,20,2
2015,N,1,12.5,-28,24,0,20,2
2015,N,1,10.5,-34.5,24,1,20,2
2015,S,4,-8.5,10.5,24,0,20,2
2015,S,4,-5.5,10.5,24,0,4,2
2015,S,4,-15.5,3,24,2,14,2
2015,S,4,-17.5,10.5,24,0,46,2
2015,S,1,-12.5,2.5,24,3,20,2
2015,S,1,-11.5,1,24,1,20,2
2015,S,1,-14.5,2.5,24,0,20,2
2015,N,1,13.5,-31.5,24,2,20,2
2015,N,1,6.5,-17,24,3,20,2
2015,N,1,7.5,-27.5,24,10,56,2
2015,N,1,9.5,-27.5,24,0,20,2
2015,S,2,-42.5,-17,24,0,2,2
2015,S,2,-43.5,-8.5,24,0,20,2
2015,S,3,-12.5,11.5,24,0,4,2
2015,S,3,-31.5,6.5,24,0,21,2
2015,S,3,-8.5,10.5,24,0,5,2
2015,N,3,18.5,-28,24,5,20,2
2015,N,3,12.5,-27.5,24,1,20,2
2015,N,3,2.5,-13.5,24,0,6,2
2016,S,4,-8.5,-11.5,24,0,1,2
2016,N,4,12.5,-28.5,24,0,5,2
2016,S,4,-18.5,7.5,24,1,20,2
2016,S,4,-13.5,3,24,0,42,2
2016,S,4,-6.5,2,24,1,20,2
2016,S,4,-5.5,1.5,24,1,20,2
2016,N,4,10.5,-31.5,24,3,20,2
2016,N,1,2.5,-23.5,24,6,33,2
2016,N,1,5.5,-26.5,24,2,20,2
2016,N,1,7.5,-27.5,24,2,20,2
2016,N,1,7.5,-26.5,24,3,20,2
2016,S,1,-11.5,8,24,0,20,2
2016,N,1,11.5,-26,24,1,20,2
2016,N,1,12.5,-26.5,24,3,20,2
2016,N,1,12.5,-25.5,24,2,20,2
2016,S,3,-21.5,6.5,24,2,20,2
2016,S,3,-42.5,5.5,24,0,20,2
2016,N,3,10.5,-29,24,1,20,2
2016,N,3,12.5,-26.5,24,1,20,2
2016,N,3,14.5,-29.5,24,2,20,2
2016,S,3,-18.5,2.5,24,0,17,2
2016,S,3,-32.5,-7,24,0,6,2
2016,S,3,-32.5,-3,24,0,20,2
2016,N,3,12.5,-77,24,16,28,2
2016,S,3,-23.5,1.5,24,1,20,2
2017,N,1,9.5,-24.5,24,3,20,2
2017,N,1,7.5,-21.5,24,2,20,2
2017,S,4,-18.5,2,24,0,20,2
2017,S,4,-15.5,4.5,24,0,17,2
2017,S,4,-12.5,3.5,24,0,13,2
2017,S,4,-7.5,-6.5,24,2,17,2
2017,S,4,-3.5,-11.5,24,0,11,2
2017,N,4,12.5,-77.5,24,0,3,2
2017,N,1,10.5,-26.5,24,1,20,2
2017,N,1,11.5,-27.5,24,0,20,2
2017,N,1,11.5,-33.5,24,3,20,2
2017,N,1,11.5,-29.5,24,1,20,2
2017,N,1,11.5,-28,24,4,20,2
2017,S,2,-41.5,-7.5,24,0,20,2
2017,S,2,-41.5,2.5,24,0,20,2
2017,S,2,-1.5,-8.5,24,0,3,2
2017,N,2,7.5,-20.5,24,2,20,2
2017,S,2,-43.5,-0.5,24,0,20,2
2017,S,2,-20.5,7.5,24,1,20,2
2017,S,2,-20.5,9.5,24,0,15,2
2017,S,2,-33.5,1.5,24,0,29,2
2017,S,3,-15.5,4.5,24,0,2,2
2017,N,3,14.5,-73.5,24,0,1,2
2018,N,4,15.5,-19.5,24,3,20,2
2018,N,4,17.5,-32.5,24,13,55,2
2018,N,4,18.5,-19.5,24,0,20,2
2018,N,4,8.5,-33,24,2,12,2
2018,N,1,5.5,-28.5,24,4,20,2
2018,N,1,8,-27.5,24,1,20,2
2018,S,2,-40.5,-0.5,24,0,4,2
2018,S,2,-43.5,-3.5,24,0,20,2
2018,S,2,-5.5,3.5,24,0,1,2
2018,N,2,6.5,-23.5,24,1,20,2
2018,S,2,-44.5,2.5,24,0,20,2
2018,S,3,-23.5,3.5,24,1,20,2
2018,S,3,-21.5,9,24,0,20,2
2018,N,3,14.5,-27.5,24,2,20,2
2018,S,3,-10.5,3.5,24,0,9,2
2018,S,3,-20.5,4.5,24,1,12,2
