"file","caption","alt_text","category","png_time","StartTime"
"bio1_sizeatage.png","Length at age in the beginning of the year (or season) in the ending year of the model. Shaded area indicates 95% distribution of length at age around estimated growth curve.",NA,"Bio",2025-09-28 13:42:19.880083,"StartTime: Fri May 10 14:43:52 2019"
"bio2_sizeatage_plus_CV_and_SD.png","Length at age (top-left panel) with CV (thick line) and SD (thin line) of length at age shown in top-right and lower-left panels",NA,"Bio",2025-09-28 13:42:19.880083,"StartTime: Fri May 10 14:43:52 2019"
"bio3_sizeatage_plus_WT_and_MAT.png","Length at age (top-left panel) with weight (thick line) and maturity (thin line) shown in top-right and lower-left panels",NA,"Bio",2025-09-28 13:42:19.880083,"StartTime: Fri May 10 14:43:52 2019"
"bio1B_len_at_age_matrix_1.png","Distribution of length at age for seas: 1 morph: 1",NA,"Bio",2025-09-28 13:42:19.880083,"StartTime: Fri May 10 14:43:52 2019"
"bio1B_len_at_age_matrix_2.png","Distribution of length at age for seas: 1 morph: 2",NA,"Bio",2025-09-28 13:42:19.880083,"StartTime: Fri May 10 14:43:52 2019"
"bio5_weightatsize.png","Weight-length relationship",NA,"Bio",2025-09-28 13:42:19.880083,"StartTime: Fri May 10 14:43:52 2019"
"bio6_maturity.png","Maturity at length",NA,"Bio",2025-09-28 13:42:19.880083,"StartTime: Fri May 10 14:43:52 2019"
"bio8_fecundity_wt.png","Fecundity as a function of weight",NA,"Bio",2025-09-28 13:42:19.880083,"StartTime: Fri May 10 14:43:52 2019"
"bio9_fecundity_len.png","Fecundity as a function of length",NA,"Bio",2025-09-28 13:42:19.880083,"StartTime: Fri May 10 14:43:52 2019"
"bio10_spawningoutput_len.png","Spawning output at length. This is the product of maturity and fecundity unless maturity is age-based, in which case only fecundity is represented.",NA,"Bio",2025-09-28 13:42:19.880083,"StartTime: Fri May 10 14:43:52 2019"
"bio11_spawningoutput_age.png","Spawning output at age. This is the product of maturity and fecundity. When these processes are length-based they are converted into the age dimension using the matrix of length at age.",NA,"Bio",2025-09-28 13:42:19.880083,"StartTime: Fri May 10 14:43:52 2019"
"sel01_multiple_fleets_length1.png","Selectivity at length for multiple fleets.",NA,"Sel",2025-09-28 13:42:19.880083,"StartTime: Fri May 10 14:43:52 2019"
"sel02_multiple_fleets_age1.png","Selectivity at age derived from selectivity at length for multiple fleets.",NA,"Sel",2025-09-28 13:42:19.880083,"StartTime: Fri May 10 14:43:52 2019"
"sel09_len_flt1sex1.png","Female ending year selectivity for F1_EU_LL",NA,"Sel",2025-09-28 13:42:19.880083,"StartTime: Fri May 10 14:43:52 2019"
"sel09_len_flt1sex2.png","Male ending year selectivity for F1_EU_LL",NA,"Sel",2025-09-28 13:42:19.880083,"StartTime: Fri May 10 14:43:52 2019"
"sel09_len_flt2sex1.png","Female ending year selectivity for F2_JPN_LL",NA,"Sel",2025-09-28 13:42:19.880083,"StartTime: Fri May 10 14:43:52 2019"
"sel09_len_flt2sex2.png","Male ending year selectivity for F2_JPN_LL",NA,"Sel",2025-09-28 13:42:19.880083,"StartTime: Fri May 10 14:43:52 2019"
"sel09_len_flt3sex1.png","Female ending year selectivity for F3_CTP_LL",NA,"Sel",2025-09-28 13:42:19.880083,"StartTime: Fri May 10 14:43:52 2019"
"sel09_len_flt3sex2.png","Male ending year selectivity for F3_CTP_LL",NA,"Sel",2025-09-28 13:42:19.880083,"StartTime: Fri May 10 14:43:52 2019"
"sel09_len_flt4sex1.png","Female ending year selectivity for F4_USA_LL",NA,"Sel",2025-09-28 13:42:19.880083,"StartTime: Fri May 10 14:43:52 2019"
"sel09_len_flt4sex2.png","Male ending year selectivity for F4_USA_LL",NA,"Sel",2025-09-28 13:42:19.880083,"StartTime: Fri May 10 14:43:52 2019"
"sel09_len_flt5sex1.png","Female ending year selectivity for F5_VEN_LL",NA,"Sel",2025-09-28 13:42:19.880083,"StartTime: Fri May 10 14:43:52 2019"
"sel09_len_flt5sex2.png","Male ending year selectivity for F5_VEN_LL",NA,"Sel",2025-09-28 13:42:19.880083,"StartTime: Fri May 10 14:43:52 2019"
"sel09_len_flt6sex1.png","Female ending year selectivity for F6_CAN_LL",NA,"Sel",2025-09-28 13:42:19.880083,"StartTime: Fri May 10 14:43:52 2019"
"sel09_len_flt6sex2.png","Male ending year selectivity for F6_CAN_LL",NA,"Sel",2025-09-28 13:42:19.880083,"StartTime: Fri May 10 14:43:52 2019"
"sel09_len_flt7sex1.png","Female ending year selectivity for F7_MOR_LL",NA,"Sel",2025-09-28 13:42:19.880083,"StartTime: Fri May 10 14:43:52 2019"
"sel09_len_flt7sex2.png","Male ending year selectivity for F7_MOR_LL",NA,"Sel",2025-09-28 13:42:19.880083,"StartTime: Fri May 10 14:43:52 2019"
"sel09_len_flt8sex1.png","Female ending year selectivity for F8_USA_RR",NA,"Sel",2025-09-28 13:42:19.880083,"StartTime: Fri May 10 14:43:52 2019"
"sel09_len_flt8sex2.png","Male ending year selectivity for F8_USA_RR",NA,"Sel",2025-09-28 13:42:19.880083,"StartTime: Fri May 10 14:43:52 2019"
"sel09_len_flt9sex1.png","Female ending year selectivity for F9_BEL_LL",NA,"Sel",2025-09-28 13:42:19.880083,"StartTime: Fri May 10 14:43:52 2019"
"sel09_len_flt9sex2.png","Male ending year selectivity for F9_BEL_LL",NA,"Sel",2025-09-28 13:42:19.880083,"StartTime: Fri May 10 14:43:52 2019"
"sel09_len_flt10sex1.png","Female ending year selectivity for F10_MOR_PS",NA,"Sel",2025-09-28 13:42:19.880083,"StartTime: Fri May 10 14:43:52 2019"
"sel09_len_flt10sex2.png","Male ending year selectivity for F10_MOR_PS",NA,"Sel",2025-09-28 13:42:19.880083,"StartTime: Fri May 10 14:43:52 2019"
"sel09_len_flt11sex1.png","Female ending year selectivity for F11_CPR_LL",NA,"Sel",2025-09-28 13:42:19.880083,"StartTime: Fri May 10 14:43:52 2019"
"sel09_len_flt11sex2.png","Male ending year selectivity for F11_CPR_LL",NA,"Sel",2025-09-28 13:42:19.880083,"StartTime: Fri May 10 14:43:52 2019"
"sel09_len_flt12sex1.png","Female ending year selectivity for F12_OTH",NA,"Sel",2025-09-28 13:42:19.880083,"StartTime: Fri May 10 14:43:52 2019"
"sel09_len_flt12sex2.png","Male ending year selectivity for F12_OTH",NA,"Sel",2025-09-28 13:42:19.880083,"StartTime: Fri May 10 14:43:52 2019"
"sel09_len_flt13sex1.png","Female ending year selectivity for S1_USA_LL_Log",NA,"Sel",2025-09-28 13:42:19.880083,"StartTime: Fri May 10 14:43:52 2019"
"sel09_len_flt13sex2.png","Male ending year selectivity for S1_USA_LL_Log",NA,"Sel",2025-09-28 13:42:19.880083,"StartTime: Fri May 10 14:43:52 2019"
"sel09_len_flt14sex1.png","Female ending year selectivity for S2_USA_LL_Obs",NA,"Sel",2025-09-28 13:42:19.880083,"StartTime: Fri May 10 14:43:52 2019"
"sel09_len_flt14sex2.png","Male ending year selectivity for S2_USA_LL_Obs",NA,"Sel",2025-09-28 13:42:19.880083,"StartTime: Fri May 10 14:43:52 2019"
"sel09_len_flt15sex1.png","Female ending year selectivity for S3_JPN_LL",NA,"Sel",2025-09-28 13:42:19.880083,"StartTime: Fri May 10 14:43:52 2019"
"sel09_len_flt15sex2.png","Male ending year selectivity for S3_JPN_LL",NA,"Sel",2025-09-28 13:42:19.880083,"StartTime: Fri May 10 14:43:52 2019"
"sel09_len_flt16sex1.png","Female ending year selectivity for S4_EU_POR_LL",NA,"Sel",2025-09-28 13:42:19.880083,"StartTime: Fri May 10 14:43:52 2019"
"sel09_len_flt16sex2.png","Male ending year selectivity for S4_EU_POR_LL",NA,"Sel",2025-09-28 13:42:19.880083,"StartTime: Fri May 10 14:43:52 2019"
"sel09_len_flt17sex1.png","Female ending year selectivity for S5_EU_ESP_LL",NA,"Sel",2025-09-28 13:42:19.880083,"StartTime: Fri May 10 14:43:52 2019"
"sel09_len_flt17sex2.png","Male ending year selectivity for S5_EU_ESP_LL",NA,"Sel",2025-09-28 13:42:19.880083,"StartTime: Fri May 10 14:43:52 2019"
"sel09_len_flt18sex1.png","Female ending year selectivity for S6_CTP_LL",NA,"Sel",2025-09-28 13:42:19.880083,"StartTime: Fri May 10 14:43:52 2019"
"sel09_len_flt18sex2.png","Male ending year selectivity for S6_CTP_LL",NA,"Sel",2025-09-28 13:42:19.880083,"StartTime: Fri May 10 14:43:52 2019"
"sel21_agelen_contour_flt1sex1.png","Female ending year selectivity and growth for F1_EU_LL",NA,"Sel",2025-09-28 13:42:19.880083,"StartTime: Fri May 10 14:43:52 2019"
"sel21_agelen_contour_flt1sex2.png","Male ending year selectivity and growth for F1_EU_LL",NA,"Sel",2025-09-28 13:42:19.880083,"StartTime: Fri May 10 14:43:52 2019"
"sel21_agelen_contour_flt2sex1.png","Female ending year selectivity and growth for F2_JPN_LL",NA,"Sel",2025-09-28 13:42:19.880083,"StartTime: Fri May 10 14:43:52 2019"
"sel21_agelen_contour_flt2sex2.png","Male ending year selectivity and growth for F2_JPN_LL",NA,"Sel",2025-09-28 13:42:19.880083,"StartTime: Fri May 10 14:43:52 2019"
"sel21_agelen_contour_flt3sex1.png","Female ending year selectivity and growth for F3_CTP_LL",NA,"Sel",2025-09-28 13:42:19.880083,"StartTime: Fri May 10 14:43:52 2019"
"sel21_agelen_contour_flt3sex2.png","Male ending year selectivity and growth for F3_CTP_LL",NA,"Sel",2025-09-28 13:42:19.880083,"StartTime: Fri May 10 14:43:52 2019"
"sel21_agelen_contour_flt4sex1.png","Female ending year selectivity and growth for F4_USA_LL",NA,"Sel",2025-09-28 13:42:19.880083,"StartTime: Fri May 10 14:43:52 2019"
"sel21_agelen_contour_flt4sex2.png","Male ending year selectivity and growth for F4_USA_LL",NA,"Sel",2025-09-28 13:42:19.880083,"StartTime: Fri May 10 14:43:52 2019"
"sel21_agelen_contour_flt5sex1.png","Female ending year selectivity and growth for F5_VEN_LL",NA,"Sel",2025-09-28 13:42:19.880083,"StartTime: Fri May 10 14:43:52 2019"
"sel21_agelen_contour_flt5sex2.png","Male ending year selectivity and growth for F5_VEN_LL",NA,"Sel",2025-09-28 13:42:19.880083,"StartTime: Fri May 10 14:43:52 2019"
"sel21_agelen_contour_flt6sex1.png","Female ending year selectivity and growth for F6_CAN_LL",NA,"Sel",2025-09-28 13:42:19.880083,"StartTime: Fri May 10 14:43:52 2019"
"sel21_agelen_contour_flt6sex2.png","Male ending year selectivity and growth for F6_CAN_LL",NA,"Sel",2025-09-28 13:42:19.880083,"StartTime: Fri May 10 14:43:52 2019"
"sel21_agelen_contour_flt7sex1.png","Female ending year selectivity and growth for F7_MOR_LL",NA,"Sel",2025-09-28 13:42:19.880083,"StartTime: Fri May 10 14:43:52 2019"
"sel21_agelen_contour_flt7sex2.png","Male ending year selectivity and growth for F7_MOR_LL",NA,"Sel",2025-09-28 13:42:19.880083,"StartTime: Fri May 10 14:43:52 2019"
"sel21_agelen_contour_flt8sex1.png","Female ending year selectivity and growth for F8_USA_RR",NA,"Sel",2025-09-28 13:42:19.880083,"StartTime: Fri May 10 14:43:52 2019"
"sel21_agelen_contour_flt8sex2.png","Male ending year selectivity and growth for F8_USA_RR",NA,"Sel",2025-09-28 13:42:19.880083,"StartTime: Fri May 10 14:43:52 2019"
"sel21_agelen_contour_flt9sex1.png","Female ending year selectivity and growth for F9_BEL_LL",NA,"Sel",2025-09-28 13:42:19.880083,"StartTime: Fri May 10 14:43:52 2019"
"sel21_agelen_contour_flt9sex2.png","Male ending year selectivity and growth for F9_BEL_LL",NA,"Sel",2025-09-28 13:42:19.880083,"StartTime: Fri May 10 14:43:52 2019"
"sel21_agelen_contour_flt10sex1.png","Female ending year selectivity and growth for F10_MOR_PS",NA,"Sel",2025-09-28 13:42:19.880083,"StartTime: Fri May 10 14:43:52 2019"
"sel21_agelen_contour_flt10sex2.png","Male ending year selectivity and growth for F10_MOR_PS",NA,"Sel",2025-09-28 13:42:19.880083,"StartTime: Fri May 10 14:43:52 2019"
"sel21_agelen_contour_flt11sex1.png","Female ending year selectivity and growth for F11_CPR_LL",NA,"Sel",2025-09-28 13:42:19.880083,"StartTime: Fri May 10 14:43:52 2019"
"sel21_agelen_contour_flt11sex2.png","Male ending year selectivity and growth for F11_CPR_LL",NA,"Sel",2025-09-28 13:42:19.880083,"StartTime: Fri May 10 14:43:52 2019"
"sel21_agelen_contour_flt12sex1.png","Female ending year selectivity and growth for F12_OTH",NA,"Sel",2025-09-28 13:42:19.880083,"StartTime: Fri May 10 14:43:52 2019"
"sel21_agelen_contour_flt12sex2.png","Male ending year selectivity and growth for F12_OTH",NA,"Sel",2025-09-28 13:42:19.880083,"StartTime: Fri May 10 14:43:52 2019"
"sel21_agelen_contour_flt13sex1.png","Female ending year selectivity and growth for S1_USA_LL_Log",NA,"Sel",2025-09-28 13:42:19.880083,"StartTime: Fri May 10 14:43:52 2019"
"sel21_agelen_contour_flt13sex2.png","Male ending year selectivity and growth for S1_USA_LL_Log",NA,"Sel",2025-09-28 13:42:19.880083,"StartTime: Fri May 10 14:43:52 2019"
"sel21_agelen_contour_flt14sex1.png","Female ending year selectivity and growth for S2_USA_LL_Obs",NA,"Sel",2025-09-28 13:42:19.880083,"StartTime: Fri May 10 14:43:52 2019"
"sel21_agelen_contour_flt14sex2.png","Male ending year selectivity and growth for S2_USA_LL_Obs",NA,"Sel",2025-09-28 13:42:19.880083,"StartTime: Fri May 10 14:43:52 2019"
"sel21_agelen_contour_flt15sex1.png","Female ending year selectivity and growth for S3_JPN_LL",NA,"Sel",2025-09-28 13:42:19.880083,"StartTime: Fri May 10 14:43:52 2019"
"sel21_agelen_contour_flt15sex2.png","Male ending year selectivity and growth for S3_JPN_LL",NA,"Sel",2025-09-28 13:42:19.880083,"StartTime: Fri May 10 14:43:52 2019"
"sel21_agelen_contour_flt16sex1.png","Female ending year selectivity and growth for S4_EU_POR_LL",NA,"Sel",2025-09-28 13:42:19.880083,"StartTime: Fri May 10 14:43:52 2019"
"sel21_agelen_contour_flt16sex2.png","Male ending year selectivity and growth for S4_EU_POR_LL",NA,"Sel",2025-09-28 13:42:19.880083,"StartTime: Fri May 10 14:43:52 2019"
"sel21_agelen_contour_flt17sex1.png","Female ending year selectivity and growth for S5_EU_ESP_LL",NA,"Sel",2025-09-28 13:42:19.880083,"StartTime: Fri May 10 14:43:52 2019"
"sel21_agelen_contour_flt17sex2.png","Male ending year selectivity and growth for S5_EU_ESP_LL",NA,"Sel",2025-09-28 13:42:19.880083,"StartTime: Fri May 10 14:43:52 2019"
"sel21_agelen_contour_flt18sex1.png","Female ending year selectivity and growth for S6_CTP_LL",NA,"Sel",2025-09-28 13:42:19.880083,"StartTime: Fri May 10 14:43:52 2019"
"sel21_agelen_contour_flt18sex2.png","Male ending year selectivity and growth for S6_CTP_LL",NA,"Sel",2025-09-28 13:42:19.880083,"StartTime: Fri May 10 14:43:52 2019"
"ts7_Spawning_output.png","Spawning output",NA,"Timeseries",2025-09-28 13:42:19.880083,"StartTime: Fri May 10 14:43:52 2019"
"ts9_Relative_spawning_output.png","Relative spawning output: B/B_0",NA,"Timeseries",2025-09-28 13:42:19.880083,"StartTime: Fri May 10 14:43:52 2019"
"ts1_Total_biomass_(t).png","Total biomass (t)",NA,"Timeseries",2025-09-28 13:42:19.880083,"StartTime: Fri May 10 14:43:52 2019"
"ts4_Summary_biomass_(t).png","Summary biomass (t)",NA,"Timeseries",2025-09-28 13:42:19.880083,"StartTime: Fri May 10 14:43:52 2019"
"ts11_Age-0_recruits_(1000s).png","Age-0 recruits (1,000s)",NA,"Timeseries",2025-09-28 13:42:19.880083,"StartTime: Fri May 10 14:43:52 2019"
"ts_summaryF.png","Summary F (definition of F depends on setting in starter.ss)",NA,"Timeseries",2025-09-28 13:42:19.880083,"StartTime: Fri May 10 14:43:52 2019"
"ts_DynamicB0.png","Dynamic B0 plot. The lower line shows the time series of estimated Spawning output in the presence of fishing mortality. The upper line shows the time series that could occur under the same dynamics (including deviations in recruitment), but without fishing. The point at the left represents the unfished equilibrium.",NA,"Timeseries",2025-09-28 13:42:19.880083,"StartTime: Fri May 10 14:43:52 2019"
"recdevs1_points.png","Recruitment deviations",NA,"RecDev",2025-09-28 13:42:19.880083,"StartTime: Fri May 10 14:43:52 2019"
"SR_curve.png","Stock-recruit curve.  Point colors indicate year, with warmer colors indicating earlier years and cooler colors in showing later years.",NA,"S-R",2025-09-28 13:42:19.880083,"StartTime: Fri May 10 14:43:52 2019"
"SR_curve2.png","Stock-recruit curve with labels on first, last, and years with (log) deviations > 0.5. Point colors indicate year, with warmer colors indicating earlier years and cooler colors in showing later years.",NA,"S-R",2025-09-28 13:42:19.880083,"StartTime: Fri May 10 14:43:52 2019"
"SR_resids.png","Deviations around the stock-recruit curve. Labels are on first, last, and years with (log) deviations > 0.5. Point colors indicate year, with warmer colors indicating earlier years and cooler colors in showing later years.",NA,"S-R",2025-09-28 13:42:19.880083,"StartTime: Fri May 10 14:43:52 2019"
"catch1_landings.png","landings",NA,"Catch",2025-09-28 13:42:19.880083,"StartTime: Fri May 10 14:43:52 2019"
"catch2_landings_stacked.png","landings_stacked",NA,"Catch",2025-09-28 13:42:19.880083,"StartTime: Fri May 10 14:43:52 2019"
"catch9_harvest_rate.png","harvest_rate",NA,"Catch",2025-09-28 13:42:19.880083,"StartTime: Fri May 10 14:43:52 2019"
"SPR1_series.png","Timeseries of SPR. Horizontal line is at SPR target: 0.691",NA,"SPR",2025-09-28 13:42:19.880083,"StartTime: Fri May 10 14:43:52 2019"
"SPR2_minusSPRseries.png","Timeseries of 1-SPR. Horizontal line is at 1 - SPR target: 1 - 0.691 = 0.309",NA,"SPR",2025-09-28 13:42:19.880083,"StartTime: Fri May 10 14:43:52 2019"
"SPR3_ratiointerval.png","Timeseries of SPR ratio: 1-SPR",NA,"SPR",2025-09-28 13:42:19.880083,"StartTime: Fri May 10 14:43:52 2019"
"SPR4_phase.png","Phase plot of biomass ratio vs. SPR ratio.<br> Each point represents the biomass ratio at the start of the year and the relative fishing intensity in that same year. Warmer colors (red) represent early years and colder colors (blue) represent recent years. The vertical line at 0.368408 indicates the reference point as defined in the forecast.ss which can be removed from the plot via <code>SS_plots(..., btarg = -1)</code>. The horizontal line is at 1 - SPR target: 1 - 0.691 = 0.309. ",NA,"SPR",2025-09-28 13:42:19.880083,"StartTime: Fri May 10 14:43:52 2019"
"index1_cpuedata_S1_USA_LL_Log.png","Index data for S1_USA_LL_Log. Lines indicate 95% uncertainty interval around index values based on the model assumption of T-distributed error with 30 degrees of freedom. Thicker lines (if present) indicate input uncertainty before addition of estimated additional uncertainty parameter.",NA,"Index",2025-09-28 13:42:19.880083,"StartTime: Fri May 10 14:43:52 2019"
"index2_cpuefit_S1_USA_LL_Log.png","Fit to index data for S1_USA_LL_Log. Lines indicate 95% uncertainty interval around index values based on the model assumption of T-distributed error with 30 degrees of freedom. Thicker lines (if present) indicate input uncertainty before addition of estimated additional uncertainty parameter.",NA,"Index",2025-09-28 13:42:19.880083,"StartTime: Fri May 10 14:43:52 2019"
"index3_obs_vs_exp_S1_USA_LL_Log.png","Observed vs. expected index values with smoother for S1_USA_LL_Log",NA,"Index",2025-09-28 13:42:19.880083,"StartTime: Fri May 10 14:43:52 2019"
"index4_logcpuedata_S1_USA_LL_Log.png","Log index data for S1_USA_LL_Log. Lines indicate 95% uncertainty interval around index values based on the model assumption of T-distributed error with 30 degrees of freedom. Thicker lines (if present) indicate input uncertainty before addition of estimated additional uncertainty parameter.",NA,"Index",2025-09-28 13:42:19.880083,"StartTime: Fri May 10 14:43:52 2019"
"index5_logcpuefit_S1_USA_LL_Log.png","Fit to log index data on log scale for S1_USA_LL_Log. Lines indicate 95% uncertainty interval around index values based on the model assumption of T-distributed error with 30 degrees of freedom. Thicker lines (if present) indicate input uncertainty before addition of estimated additional uncertainty parameter.",NA,"Index",2025-09-28 13:42:19.880083,"StartTime: Fri May 10 14:43:52 2019"
"index6_log_obs_vs_exp_S1_USA_LL_Log.png","log(observed) vs. log(expected) index values with smoother for S1_USA_LL_Log",NA,"Index",2025-09-28 13:42:19.880083,"StartTime: Fri May 10 14:43:52 2019"
"index10_resids_SE_total_S1_USA_LL_Log.png","Residuals of fit to index for S1_USA_LL_Log.<br>Values are based on the total standard error including any estimated additional uncertainty.",NA,"Index",2025-09-28 13:42:19.880083,"StartTime: Fri May 10 14:43:52 2019"
"index12_resids_SE_total_S1_USA_LL_Log.png","Deviations for fit to index for S1_USA_LL_Log.<br>Values are log(Obs) - log(Exp) and thus independent of index uncertainty.",NA,"Index",2025-09-28 13:42:19.880083,"StartTime: Fri May 10 14:43:52 2019"
"index1_cpuedata_S2_USA_LL_Obs.png","Index data for S2_USA_LL_Obs. Lines indicate 95% uncertainty interval around index values based on the model assumption of T-distributed error with 30 degrees of freedom. Thicker lines (if present) indicate input uncertainty before addition of estimated additional uncertainty parameter.",NA,"Index",2025-09-28 13:42:19.880083,"StartTime: Fri May 10 14:43:52 2019"
"index2_cpuefit_S2_USA_LL_Obs.png","Fit to index data for S2_USA_LL_Obs. Lines indicate 95% uncertainty interval around index values based on the model assumption of T-distributed error with 30 degrees of freedom. Thicker lines (if present) indicate input uncertainty before addition of estimated additional uncertainty parameter.",NA,"Index",2025-09-28 13:42:19.880083,"StartTime: Fri May 10 14:43:52 2019"
"index3_obs_vs_exp_S2_USA_LL_Obs.png","Observed vs. expected index values with smoother for S2_USA_LL_Obs",NA,"Index",2025-09-28 13:42:19.880083,"StartTime: Fri May 10 14:43:52 2019"
"index4_logcpuedata_S2_USA_LL_Obs.png","Log index data for S2_USA_LL_Obs. Lines indicate 95% uncertainty interval around index values based on the model assumption of T-distributed error with 30 degrees of freedom. Thicker lines (if present) indicate input uncertainty before addition of estimated additional uncertainty parameter.",NA,"Index",2025-09-28 13:42:19.880083,"StartTime: Fri May 10 14:43:52 2019"
"index5_logcpuefit_S2_USA_LL_Obs.png","Fit to log index data on log scale for S2_USA_LL_Obs. Lines indicate 95% uncertainty interval around index values based on the model assumption of T-distributed error with 30 degrees of freedom. Thicker lines (if present) indicate input uncertainty before addition of estimated additional uncertainty parameter.",NA,"Index",2025-09-28 13:42:19.880083,"StartTime: Fri May 10 14:43:52 2019"
"index6_log_obs_vs_exp_S2_USA_LL_Obs.png","log(observed) vs. log(expected) index values with smoother for S2_USA_LL_Obs",NA,"Index",2025-09-28 13:42:19.880083,"StartTime: Fri May 10 14:43:52 2019"
"index10_resids_SE_total_S2_USA_LL_Obs.png","Residuals of fit to index for S2_USA_LL_Obs.<br>Values are based on the total standard error including any estimated additional uncertainty.",NA,"Index",2025-09-28 13:42:19.880083,"StartTime: Fri May 10 14:43:52 2019"
"index12_resids_SE_total_S2_USA_LL_Obs.png","Deviations for fit to index for S2_USA_LL_Obs.<br>Values are log(Obs) - log(Exp) and thus independent of index uncertainty.",NA,"Index",2025-09-28 13:42:19.880083,"StartTime: Fri May 10 14:43:52 2019"
"index1_cpuedata_S3_JPN_LL.png","Index data for S3_JPN_LL. Lines indicate 95% uncertainty interval around index values based on the model assumption of T-distributed error with 30 degrees of freedom. Thicker lines (if present) indicate input uncertainty before addition of estimated additional uncertainty parameter.",NA,"Index",2025-09-28 13:42:19.880083,"StartTime: Fri May 10 14:43:52 2019"
"index2_cpuefit_S3_JPN_LL.png","Fit to index data for S3_JPN_LL. Lines indicate 95% uncertainty interval around index values based on the model assumption of T-distributed error with 30 degrees of freedom. Thicker lines (if present) indicate input uncertainty before addition of estimated additional uncertainty parameter.",NA,"Index",2025-09-28 13:42:19.880083,"StartTime: Fri May 10 14:43:52 2019"
"index3_obs_vs_exp_S3_JPN_LL.png","Observed vs. expected index values with smoother for S3_JPN_LL",NA,"Index",2025-09-28 13:42:19.880083,"StartTime: Fri May 10 14:43:52 2019"
"index4_logcpuedata_S3_JPN_LL.png","Log index data for S3_JPN_LL. Lines indicate 95% uncertainty interval around index values based on the model assumption of T-distributed error with 30 degrees of freedom. Thicker lines (if present) indicate input uncertainty before addition of estimated additional uncertainty parameter.",NA,"Index",2025-09-28 13:42:19.880083,"StartTime: Fri May 10 14:43:52 2019"
"index5_logcpuefit_S3_JPN_LL.png","Fit to log index data on log scale for S3_JPN_LL. Lines indicate 95% uncertainty interval around index values based on the model assumption of T-distributed error with 30 degrees of freedom. Thicker lines (if present) indicate input uncertainty before addition of estimated additional uncertainty parameter.",NA,"Index",2025-09-28 13:42:19.880083,"StartTime: Fri May 10 14:43:52 2019"
"index6_log_obs_vs_exp_S3_JPN_LL.png","log(observed) vs. log(expected) index values with smoother for S3_JPN_LL",NA,"Index",2025-09-28 13:42:19.880083,"StartTime: Fri May 10 14:43:52 2019"
"index10_resids_SE_total_S3_JPN_LL.png","Residuals of fit to index for S3_JPN_LL.<br>Values are based on the total standard error including any estimated additional uncertainty.",NA,"Index",2025-09-28 13:42:19.880083,"StartTime: Fri May 10 14:43:52 2019"
"index12_resids_SE_total_S3_JPN_LL.png","Deviations for fit to index for S3_JPN_LL.<br>Values are log(Obs) - log(Exp) and thus independent of index uncertainty.",NA,"Index",2025-09-28 13:42:19.880083,"StartTime: Fri May 10 14:43:52 2019"
"index1_cpuedata_S4_EU_POR_LL.png","Index data for S4_EU_POR_LL. Lines indicate 95% uncertainty interval around index values based on the model assumption of T-distributed error with 30 degrees of freedom. Thicker lines (if present) indicate input uncertainty before addition of estimated additional uncertainty parameter.",NA,"Index",2025-09-28 13:42:19.880083,"StartTime: Fri May 10 14:43:52 2019"
"index2_cpuefit_S4_EU_POR_LL.png","Fit to index data for S4_EU_POR_LL. Lines indicate 95% uncertainty interval around index values based on the model assumption of T-distributed error with 30 degrees of freedom. Thicker lines (if present) indicate input uncertainty before addition of estimated additional uncertainty parameter.",NA,"Index",2025-09-28 13:42:19.880083,"StartTime: Fri May 10 14:43:52 2019"
"index3_obs_vs_exp_S4_EU_POR_LL.png","Observed vs. expected index values with smoother for S4_EU_POR_LL",NA,"Index",2025-09-28 13:42:19.880083,"StartTime: Fri May 10 14:43:52 2019"
"index4_logcpuedata_S4_EU_POR_LL.png","Log index data for S4_EU_POR_LL. Lines indicate 95% uncertainty interval around index values based on the model assumption of T-distributed error with 30 degrees of freedom. Thicker lines (if present) indicate input uncertainty before addition of estimated additional uncertainty parameter.",NA,"Index",2025-09-28 13:42:19.880083,"StartTime: Fri May 10 14:43:52 2019"
"index5_logcpuefit_S4_EU_POR_LL.png","Fit to log index data on log scale for S4_EU_POR_LL. Lines indicate 95% uncertainty interval around index values based on the model assumption of T-distributed error with 30 degrees of freedom. Thicker lines (if present) indicate input uncertainty before addition of estimated additional uncertainty parameter.",NA,"Index",2025-09-28 13:42:19.880083,"StartTime: Fri May 10 14:43:52 2019"
"index6_log_obs_vs_exp_S4_EU_POR_LL.png","log(observed) vs. log(expected) index values with smoother for S4_EU_POR_LL",NA,"Index",2025-09-28 13:42:19.880083,"StartTime: Fri May 10 14:43:52 2019"
"index10_resids_SE_total_S4_EU_POR_LL.png","Residuals of fit to index for S4_EU_POR_LL.<br>Values are based on the total standard error including any estimated additional uncertainty.",NA,"Index",2025-09-28 13:42:19.880083,"StartTime: Fri May 10 14:43:52 2019"
"index12_resids_SE_total_S4_EU_POR_LL.png","Deviations for fit to index for S4_EU_POR_LL.<br>Values are log(Obs) - log(Exp) and thus independent of index uncertainty.",NA,"Index",2025-09-28 13:42:19.880083,"StartTime: Fri May 10 14:43:52 2019"
"index1_cpuedata_S5_EU_ESP_LL.png","Index data for S5_EU_ESP_LL. Lines indicate 95% uncertainty interval around index values based on the model assumption of T-distributed error with 30 degrees of freedom. Thicker lines (if present) indicate input uncertainty before addition of estimated additional uncertainty parameter.",NA,"Index",2025-09-28 13:42:19.880083,"StartTime: Fri May 10 14:43:52 2019"
"index2_cpuefit_S5_EU_ESP_LL.png","Fit to index data for S5_EU_ESP_LL. Lines indicate 95% uncertainty interval around index values based on the model assumption of T-distributed error with 30 degrees of freedom. Thicker lines (if present) indicate input uncertainty before addition of estimated additional uncertainty parameter.",NA,"Index",2025-09-28 13:42:19.880083,"StartTime: Fri May 10 14:43:52 2019"
"index3_obs_vs_exp_S5_EU_ESP_LL.png","Observed vs. expected index values with smoother for S5_EU_ESP_LL",NA,"Index",2025-09-28 13:42:19.880083,"StartTime: Fri May 10 14:43:52 2019"
"index4_logcpuedata_S5_EU_ESP_LL.png","Log index data for S5_EU_ESP_LL. Lines indicate 95% uncertainty interval around index values based on the model assumption of T-distributed error with 30 degrees of freedom. Thicker lines (if present) indicate input uncertainty before addition of estimated additional uncertainty parameter.",NA,"Index",2025-09-28 13:42:19.880083,"StartTime: Fri May 10 14:43:52 2019"
"index5_logcpuefit_S5_EU_ESP_LL.png","Fit to log index data on log scale for S5_EU_ESP_LL. Lines indicate 95% uncertainty interval around index values based on the model assumption of T-distributed error with 30 degrees of freedom. Thicker lines (if present) indicate input uncertainty before addition of estimated additional uncertainty parameter.",NA,"Index",2025-09-28 13:42:19.880083,"StartTime: Fri May 10 14:43:52 2019"
"index6_log_obs_vs_exp_S5_EU_ESP_LL.png","log(observed) vs. log(expected) index values with smoother for S5_EU_ESP_LL",NA,"Index",2025-09-28 13:42:19.880083,"StartTime: Fri May 10 14:43:52 2019"
"index10_resids_SE_total_S5_EU_ESP_LL.png","Residuals of fit to index for S5_EU_ESP_LL.<br>Values are based on the total standard error including any estimated additional uncertainty.",NA,"Index",2025-09-28 13:42:19.880083,"StartTime: Fri May 10 14:43:52 2019"
"index12_resids_SE_total_S5_EU_ESP_LL.png","Deviations for fit to index for S5_EU_ESP_LL.<br>Values are log(Obs) - log(Exp) and thus independent of index uncertainty.",NA,"Index",2025-09-28 13:42:19.880083,"StartTime: Fri May 10 14:43:52 2019"
"index1_cpuedata_S6_CTP_LL.png","Index data for S6_CTP_LL. Lines indicate 95% uncertainty interval around index values based on the model assumption of T-distributed error with 30 degrees of freedom. Thicker lines (if present) indicate input uncertainty before addition of estimated additional uncertainty parameter.",NA,"Index",2025-09-28 13:42:19.880083,"StartTime: Fri May 10 14:43:52 2019"
"index2_cpuefit_S6_CTP_LL.png","Fit to index data for S6_CTP_LL. Lines indicate 95% uncertainty interval around index values based on the model assumption of T-distributed error with 30 degrees of freedom. Thicker lines (if present) indicate input uncertainty before addition of estimated additional uncertainty parameter.",NA,"Index",2025-09-28 13:42:19.880083,"StartTime: Fri May 10 14:43:52 2019"
"index3_obs_vs_exp_S6_CTP_LL.png","Observed vs. expected index values with smoother for S6_CTP_LL",NA,"Index",2025-09-28 13:42:19.880083,"StartTime: Fri May 10 14:43:52 2019"
"index4_logcpuedata_S6_CTP_LL.png","Log index data for S6_CTP_LL. Lines indicate 95% uncertainty interval around index values based on the model assumption of T-distributed error with 30 degrees of freedom. Thicker lines (if present) indicate input uncertainty before addition of estimated additional uncertainty parameter.",NA,"Index",2025-09-28 13:42:19.880083,"StartTime: Fri May 10 14:43:52 2019"
"index5_logcpuefit_S6_CTP_LL.png","Fit to log index data on log scale for S6_CTP_LL. Lines indicate 95% uncertainty interval around index values based on the model assumption of T-distributed error with 30 degrees of freedom. Thicker lines (if present) indicate input uncertainty before addition of estimated additional uncertainty parameter.",NA,"Index",2025-09-28 13:42:19.880083,"StartTime: Fri May 10 14:43:52 2019"
"index6_log_obs_vs_exp_S6_CTP_LL.png","log(observed) vs. log(expected) index values with smoother for S6_CTP_LL",NA,"Index",2025-09-28 13:42:19.880083,"StartTime: Fri May 10 14:43:52 2019"
"index10_resids_SE_total_S6_CTP_LL.png","Residuals of fit to index for S6_CTP_LL.<br>Values are based on the total standard error including any estimated additional uncertainty.",NA,"Index",2025-09-28 13:42:19.880083,"StartTime: Fri May 10 14:43:52 2019"
"index12_resids_SE_total_S6_CTP_LL.png","Deviations for fit to index for S6_CTP_LL.<br>Values are log(Obs) - log(Exp) and thus independent of index uncertainty.",NA,"Index",2025-09-28 13:42:19.880083,"StartTime: Fri May 10 14:43:52 2019"
"index9_standcpueall.png","Standardized indices overlaid. Each index is rescaled to have mean observation = 1.0.",NA,"Index",2025-09-28 13:42:19.880083,"StartTime: Fri May 10 14:43:52 2019"
"numbers1_sex1_beg.png","Beginning of year expected numbers at age of females in (max ~ 156.2 thousand)",NA,"Numbers",2025-09-28 13:42:19.880083,"StartTime: Fri May 10 14:43:52 2019"
"numbers1_sex2_beg.png","Beginning of year expected numbers at age of males in (max ~ 156.2 thousand)",NA,"Numbers",2025-09-28 13:42:19.880083,"StartTime: Fri May 10 14:43:52 2019"
"numbers2_meanage_beg.png","Beginning of year mean age in the population",NA,"Numbers",2025-09-28 13:42:19.880083,"StartTime: Fri May 10 14:43:52 2019"
"numbers1_sex1_mid.png","Middle of year expected numbers at age of females in (max ~ 149.5 thousand)",NA,"Numbers",2025-09-28 13:42:19.880083,"StartTime: Fri May 10 14:43:52 2019"
"numbers1_sex2_mid.png","Middle of year expected numbers at age of males in (max ~ 149.4 thousand)",NA,"Numbers",2025-09-28 13:42:19.880083,"StartTime: Fri May 10 14:43:52 2019"
"numbers2_meanage_mid.png","Middle of year mean age in the population",NA,"Numbers",2025-09-28 13:42:19.880083,"StartTime: Fri May 10 14:43:52 2019"
"numbers3_frac_female_age.png","Fraction female in numbers at age",NA,"Numbers",2025-09-28 13:42:19.880083,"StartTime: Fri May 10 14:43:52 2019"
"numbers6_len_sex1.png","Beginning of year expected numbers at length of females in (max ~ 53.6 thousand)",NA,"Numbers",2025-09-28 13:42:19.880083,"StartTime: Fri May 10 14:43:52 2019"
"numbers6_len_sex2.png","Beginning of year expected numbers at length of males in (max ~ 54.1 thousand)",NA,"Numbers",2025-09-28 13:42:19.880083,"StartTime: Fri May 10 14:43:52 2019"
"numbers7_meanlen.png","Beginning of year mean length (cm) in the population",NA,"Numbers",2025-09-28 13:42:19.880083,"StartTime: Fri May 10 14:43:52 2019"
"numbers6_len_sex1.png","Middle of year expected numbers at length of females in (max ~ 47.9 thousand)",NA,"Numbers",2025-09-28 13:42:19.880083,"StartTime: Fri May 10 14:43:52 2019"
"numbers6_len_sex2.png","Middle of year expected numbers at length of males in (max ~ 54.0 thousand)",NA,"Numbers",2025-09-28 13:42:19.880083,"StartTime: Fri May 10 14:43:52 2019"
"numbers7_meanlen.png","Middle of year mean length (cm) in the population",NA,"Numbers",2025-09-28 13:42:19.880083,"StartTime: Fri May 10 14:43:52 2019"
"numbers8_frac_female_len.png","Fraction female in numbers at length",NA,"Numbers",2025-09-28 13:42:19.880083,"StartTime: Fri May 10 14:43:52 2019"
"numbers4_equilagecomp.png","Equilibrium age distribution",NA,"Numbers",2025-09-28 13:42:19.880083,"StartTime: Fri May 10 14:43:52 2019"
"comp_lendat__aggregated_across_time.png","Length comp data, aggregated across time by fleet.
 <br> Labels 'retained' and 'discard' indicate discarded or retained sampled for each fleet. Panels without this designation represent the whole catch.
",NA,"CompDat",2025-09-28 13:42:19.880083,"StartTime: Fri May 10 14:43:52 2019"
"comp_lendat__multi-fleet_comparison.png","Length comp data,  comparing across fleets",NA,"CompDat",2025-09-28 13:42:19.880083,"StartTime: Fri May 10 14:43:52 2019"
"comp_lendat_flt1mkt0.png","Length comp data, whole catch, F1_EU_LL.<br><br>'N adj.' is the input sample size after data-weighting adjustment. N eff. is the calculated effective sample size used in the McAllister-Ianelli tuning method.",NA,"CompDat",2025-09-28 13:42:19.880083,"StartTime: Fri May 10 14:43:52 2019"
"comp_lendat_bubflt1mkt0.png","Length comp data, whole catch, F1_EU_LL (max=0.31)",NA,"CompDat",2025-09-28 13:42:19.880083,"StartTime: Fri May 10 14:43:52 2019"
"comp_lendat_data_weighting_TA1-8_F1_EU_LL.png","Mean length for F1_EU_LL with 95% confidence intervals based on current sample sizes.",NA,"CompDat",2025-09-28 13:42:19.880083,"StartTime: Fri May 10 14:43:52 2019"
"comp_lendat_flt2mkt0.png","Length comp data, whole catch, F2_JPN_LL.<br><br>'N adj.' is the input sample size after data-weighting adjustment. N eff. is the calculated effective sample size used in the McAllister-Ianelli tuning method.",NA,"CompDat",2025-09-28 13:42:19.880083,"StartTime: Fri May 10 14:43:52 2019"
"comp_lendat_bubflt2mkt0.png","Length comp data, whole catch, F2_JPN_LL (max=0.18)",NA,"CompDat",2025-09-28 13:42:19.880083,"StartTime: Fri May 10 14:43:52 2019"
"comp_lendat_data_weighting_TA1-8_F2_JPN_LL.png","Mean length for F2_JPN_LL with 95% confidence intervals based on current sample sizes.",NA,"CompDat",2025-09-28 13:42:19.880083,"StartTime: Fri May 10 14:43:52 2019"
"comp_lendat_flt3mkt0.png","Length comp data, whole catch, F3_CTP_LL.<br><br>'N adj.' is the input sample size after data-weighting adjustment. N eff. is the calculated effective sample size used in the McAllister-Ianelli tuning method.",NA,"CompDat",2025-09-28 13:42:19.880083,"StartTime: Fri May 10 14:43:52 2019"
"comp_lendat_bubflt3mkt0.png","Length comp data, whole catch, F3_CTP_LL (max=0.28)",NA,"CompDat",2025-09-28 13:42:19.880083,"StartTime: Fri May 10 14:43:52 2019"
"comp_lendat_data_weighting_TA1-8_F3_CTP_LL.png","Mean length for F3_CTP_LL with 95% confidence intervals based on current sample sizes.",NA,"CompDat",2025-09-28 13:42:19.880083,"StartTime: Fri May 10 14:43:52 2019"
"comp_lendat_flt4mkt0.png","Length comp data, whole catch, F4_USA_LL.<br><br>'N adj.' is the input sample size after data-weighting adjustment. N eff. is the calculated effective sample size used in the McAllister-Ianelli tuning method.",NA,"CompDat",2025-09-28 13:42:19.880083,"StartTime: Fri May 10 14:43:52 2019"
"comp_lendat_bubflt4mkt0.png","Length comp data, whole catch, F4_USA_LL (max=0.12)",NA,"CompDat",2025-09-28 13:42:19.880083,"StartTime: Fri May 10 14:43:52 2019"
"comp_lendat_data_weighting_TA1-8_F4_USA_LL.png","Mean length for F4_USA_LL with 95% confidence intervals based on current sample sizes.",NA,"CompDat",2025-09-28 13:42:19.880083,"StartTime: Fri May 10 14:43:52 2019"
"comp_lendat_flt5mkt0.png","Length comp data, whole catch, F5_VEN_LL.<br><br>'N adj.' is the input sample size after data-weighting adjustment. N eff. is the calculated effective sample size used in the McAllister-Ianelli tuning method.",NA,"CompDat",2025-09-28 13:42:19.880083,"StartTime: Fri May 10 14:43:52 2019"
"comp_lendat_bubflt5mkt0.png","Length comp data, whole catch, F5_VEN_LL (max=0.28)",NA,"CompDat",2025-09-28 13:42:19.880083,"StartTime: Fri May 10 14:43:52 2019"
"comp_lendat_data_weighting_TA1-8_F5_VEN_LL.png","Mean length for F5_VEN_LL with 95% confidence intervals based on current sample sizes.",NA,"CompDat",2025-09-28 13:42:19.880083,"StartTime: Fri May 10 14:43:52 2019"
"sexratio_data_len_flt2mkt0.png","Sex ratios for length comps, whole catch, F2_JPN_LL.<br>Observed sex ratios (points) with 75% intervals (vertical lines) calculated as a <a href='https://www.jstor.org/stable/2676784'>Jeffreys interval</a> based on the adjusted input sample size.",NA,"CompDat",2025-09-28 13:42:19.880083,"StartTime: Fri May 10 14:43:52 2019"
"sexratio_data_len_flt3mkt0.png","Sex ratios for length comps, whole catch, F3_CTP_LL.<br>Observed sex ratios (points) with 75% intervals (vertical lines) calculated as a <a href='https://www.jstor.org/stable/2676784'>Jeffreys interval</a> based on the adjusted input sample size.",NA,"CompDat",2025-09-28 13:42:19.880083,"StartTime: Fri May 10 14:43:52 2019"
"sexratio_data_len_flt4mkt0.png","Sex ratios for length comps, whole catch, F4_USA_LL.<br>Observed sex ratios (points) with 75% intervals (vertical lines) calculated as a <a href='https://www.jstor.org/stable/2676784'>Jeffreys interval</a> based on the adjusted input sample size.",NA,"CompDat",2025-09-28 13:42:19.880083,"StartTime: Fri May 10 14:43:52 2019"
"sexratio_data_len_flt5mkt0.png","Sex ratios for length comps, whole catch, F5_VEN_LL.<br>Observed sex ratios (points) with 75% intervals (vertical lines) calculated as a <a href='https://www.jstor.org/stable/2676784'>Jeffreys interval</a> based on the adjusted input sample size.",NA,"CompDat",2025-09-28 13:42:19.880083,"StartTime: Fri May 10 14:43:52 2019"
"comp_lenfit__aggregated_across_time.png","Length comps, aggregated across time by fleet.
 <br> Labels 'retained' and 'discard' indicate discarded or retained sampled for each fleet. Panels without this designation represent the whole catch.
",NA,"LenComp",2025-09-28 13:42:19.880083,"StartTime: Fri May 10 14:43:52 2019"
"comp_lenfit__multi-fleet_comparison.png","Pearson residuals,  comparing across fleets <br> 
Closed bubbles are positive residuals (observed > expected) and open bubbles are negative residuals (observed < expected).",NA,"LenComp",2025-09-28 13:42:19.880083,"StartTime: Fri May 10 14:43:52 2019"
"comp_lenfit_flt1mkt0.png","Length comps, whole catch, F1_EU_LL.<br><br>'N adj.' is the input sample size after data-weighting adjustment. N eff. is the calculated effective sample size used in the McAllister-Ianelli tuning method.",NA,"LenComp",2025-09-28 13:42:19.880083,"StartTime: Fri May 10 14:43:52 2019"
"comp_lenfit_residsflt1mkt0.png","Pearson residuals, whole catch, F1_EU_LL (max=12.25) <br> 
Closed bubbles are positive residuals (observed > expected) and open bubbles are negative residuals (observed < expected).",NA,"LenComp",2025-09-28 13:42:19.880083,"StartTime: Fri May 10 14:43:52 2019"
"comp_lenfit_sampsize_flt1mkt0.png","N-EffN comparison, Length comps, whole catch, F1_EU_LL",NA,"LenComp",2025-09-28 13:42:19.880083,"StartTime: Fri May 10 14:43:52 2019"
"comp_lenfit_data_weighting_TA1-8_F1_EU_LL.png","Mean length for F1_EU_LL with 95% confidence intervals based on current sample sizes.<br>Francis data weighting method TA1.8: thinner intervals (with capped ends) show result of further adjusting sample sizes based on suggested multiplier (with 95% interval) for len data from F1_EU_LL:<br>0.9764 (0.6605-2.3543) <br>For more info, see  <a href=https://doi.org/10.1139/f2011-025> Francis (2011)</a>.",NA,"LenComp",2025-09-28 13:42:19.880083,"StartTime: Fri May 10 14:43:52 2019"
"comp_lenfit_flt2mkt0.png","Length comps, whole catch, F2_JPN_LL.<br><br>'N adj.' is the input sample size after data-weighting adjustment. N eff. is the calculated effective sample size used in the McAllister-Ianelli tuning method.",NA,"LenComp",2025-09-28 13:42:19.880083,"StartTime: Fri May 10 14:43:52 2019"
"comp_lenfit_residsflt2mkt0.png","Pearson residuals, whole catch, F2_JPN_LL (max=1.91) <br> 
Closed bubbles are positive residuals (observed > expected) and open bubbles are negative residuals (observed < expected).",NA,"LenComp",2025-09-28 13:42:19.880083,"StartTime: Fri May 10 14:43:52 2019"
"comp_lenfit_sampsize_flt2mkt0.png","N-EffN comparison, Length comps, whole catch, F2_JPN_LL",NA,"LenComp",2025-09-28 13:42:19.880083,"StartTime: Fri May 10 14:43:52 2019"
"comp_lenfit_data_weighting_TA1-8_F2_JPN_LL.png","Mean length for F2_JPN_LL with 95% confidence intervals based on current sample sizes.<br>Francis data weighting method TA1.8: thinner intervals (with capped ends) show result of further adjusting sample sizes based on suggested multiplier (with 95% interval) for len data from F2_JPN_LL:<br>0.9725 (0.511-4.2936) <br>For more info, see  <a href=https://doi.org/10.1139/f2011-025> Francis (2011)</a>.",NA,"LenComp",2025-09-28 13:42:19.880083,"StartTime: Fri May 10 14:43:52 2019"
"comp_lenfit_flt3mkt0.png","Length comps, whole catch, F3_CTP_LL.<br><br>'N adj.' is the input sample size after data-weighting adjustment. N eff. is the calculated effective sample size used in the McAllister-Ianelli tuning method.",NA,"LenComp",2025-09-28 13:42:19.880083,"StartTime: Fri May 10 14:43:52 2019"
"comp_lenfit_residsflt3mkt0.png","Pearson residuals, whole catch, F3_CTP_LL (max=2.23) <br> 
Closed bubbles are positive residuals (observed > expected) and open bubbles are negative residuals (observed < expected).",NA,"LenComp",2025-09-28 13:42:19.880083,"StartTime: Fri May 10 14:43:52 2019"
"comp_lenfit_sampsize_flt3mkt0.png","N-EffN comparison, Length comps, whole catch, F3_CTP_LL",NA,"LenComp",2025-09-28 13:42:19.880083,"StartTime: Fri May 10 14:43:52 2019"
"comp_lenfit_data_weighting_TA1-8_F3_CTP_LL.png","Mean length for F3_CTP_LL with 95% confidence intervals based on current sample sizes.<br>Francis data weighting method TA1.8: thinner intervals (with capped ends) show result of further adjusting sample sizes based on suggested multiplier (with 95% interval) for len data from F3_CTP_LL:<br>1.0567 (0.6094-17.9805) <br>For more info, see  <a href=https://doi.org/10.1139/f2011-025> Francis (2011)</a>.",NA,"LenComp",2025-09-28 13:42:19.880083,"StartTime: Fri May 10 14:43:52 2019"
"comp_lenfit_flt4mkt0.png","Length comps, whole catch, F4_USA_LL.<br><br>'N adj.' is the input sample size after data-weighting adjustment. N eff. is the calculated effective sample size used in the McAllister-Ianelli tuning method.",NA,"LenComp",2025-09-28 13:42:19.880083,"StartTime: Fri May 10 14:43:52 2019"
"comp_lenfit_residsflt4mkt0.png","Pearson residuals, whole catch, F4_USA_LL (max=1.76) <br> 
Closed bubbles are positive residuals (observed > expected) and open bubbles are negative residuals (observed < expected).",NA,"LenComp",2025-09-28 13:42:19.880083,"StartTime: Fri May 10 14:43:52 2019"
"comp_lenfit_sampsize_flt4mkt0.png","N-EffN comparison, Length comps, whole catch, F4_USA_LL",NA,"LenComp",2025-09-28 13:42:19.880083,"StartTime: Fri May 10 14:43:52 2019"
"comp_lenfit_data_weighting_TA1-8_F4_USA_LL.png","Mean length for F4_USA_LL with 95% confidence intervals based on current sample sizes.<br>Francis data weighting method TA1.8: thinner intervals (with capped ends) show result of further adjusting sample sizes based on suggested multiplier (with 95% interval) for len data from F4_USA_LL:<br>1.0163 (0.6475-2.3244) <br>For more info, see  <a href=https://doi.org/10.1139/f2011-025> Francis (2011)</a>.",NA,"LenComp",2025-09-28 13:42:19.880083,"StartTime: Fri May 10 14:43:52 2019"
"comp_lenfit_flt5mkt0.png","Length comps, whole catch, F5_VEN_LL.<br><br>'N adj.' is the input sample size after data-weighting adjustment. N eff. is the calculated effective sample size used in the McAllister-Ianelli tuning method.",NA,"LenComp",2025-09-28 13:42:19.880083,"StartTime: Fri May 10 14:43:52 2019"
"comp_lenfit_residsflt5mkt0.png","Pearson residuals, whole catch, F5_VEN_LL (max=2.55) <br> 
Closed bubbles are positive residuals (observed > expected) and open bubbles are negative residuals (observed < expected).",NA,"LenComp",2025-09-28 13:42:19.880083,"StartTime: Fri May 10 14:43:52 2019"
"comp_lenfit_sampsize_flt5mkt0.png","N-EffN comparison, Length comps, whole catch, F5_VEN_LL",NA,"LenComp",2025-09-28 13:42:19.880083,"StartTime: Fri May 10 14:43:52 2019"
"comp_lenfit_data_weighting_TA1-8_F5_VEN_LL.png","Mean length for F5_VEN_LL with 95% confidence intervals based on current sample sizes.<br>Francis data weighting method TA1.8: thinner intervals (with capped ends) show result of further adjusting sample sizes based on suggested multiplier (with 95% interval) for len data from F5_VEN_LL:<br>1.0122 (0.6969-1281.0253) <br>For more info, see  <a href=https://doi.org/10.1139/f2011-025> Francis (2011)</a>.",NA,"LenComp",2025-09-28 13:42:19.880083,"StartTime: Fri May 10 14:43:52 2019"
"sexratio_len_flt2mkt0.png","Sex ratios for length comps, whole catch, F2_JPN_LL.<br>Observed sex ratios (points) with 75% intervals (vertical lines) calculated as a <a href='https://www.jstor.org/stable/2676784'>Jeffreys interval</a> based on the adjusted input sample size. The model expectation is shown  in the purple line.",NA,"LenComp",2025-09-28 13:42:19.880083,"StartTime: Fri May 10 14:43:52 2019"
"sexratio_len_flt3mkt0.png","Sex ratios for length comps, whole catch, F3_CTP_LL.<br>Observed sex ratios (points) with 75% intervals (vertical lines) calculated as a <a href='https://www.jstor.org/stable/2676784'>Jeffreys interval</a> based on the adjusted input sample size. The model expectation is shown  in the purple line.",NA,"LenComp",2025-09-28 13:42:19.880083,"StartTime: Fri May 10 14:43:52 2019"
"sexratio_len_flt4mkt0.png","Sex ratios for length comps, whole catch, F4_USA_LL.<br>Observed sex ratios (points) with 75% intervals (vertical lines) calculated as a <a href='https://www.jstor.org/stable/2676784'>Jeffreys interval</a> based on the adjusted input sample size. The model expectation is shown  in the purple line.",NA,"LenComp",2025-09-28 13:42:19.880083,"StartTime: Fri May 10 14:43:52 2019"
"sexratio_len_flt5mkt0.png","Sex ratios for length comps, whole catch, F5_VEN_LL.<br>Observed sex ratios (points) with 75% intervals (vertical lines) calculated as a <a href='https://www.jstor.org/stable/2676784'>Jeffreys interval</a> based on the adjusted input sample size. The model expectation is shown  in the purple line.",NA,"LenComp",2025-09-28 13:42:19.880083,"StartTime: Fri May 10 14:43:52 2019"
"yield3_surplus_production.png","Surplus production vs. total biomass plot. For interpretation, see<br> <blockquote>Walters, Hilborn, and  Christensen, 2008, Surplus production dynamics in declining and recovering fish populations. <i>Can. J. Fish. Aquat. Sci.</i> 65: 2536-2551. <a href='https://doi.org/10.1139/F08-170'>https://doi.org/10.1139/F08-170</a>.</blockquote>",NA,"Yield",2025-09-28 13:42:19.880083,"StartTime: Fri May 10 14:43:52 2019"
"yield4_surplus_production.png","Surplus production vs. spawning biomass plot. For interpretation, see<br> <blockquote>Forrest, Kronlund, Cleary, and Grinnell. 2023. An evidence-based approach for selecting a limit reference point for Pacific herring (<i>Clupea pallasii</i>) stocks in British Columbia, Canada. <i>Can. J. Fish. Aquat. Sci.</i> 80: 1071-1083. <a href='https://doi.org/10.1139/cjfas-2022-0168'>https://doi.org/10.1139/cjfas-2022-0168</a>.</blockquote>",NA,"Yield",2025-09-28 13:42:19.880083,"StartTime: Fri May 10 14:43:52 2019"
"yield5_YPR_timeseries.png","Time series of yield per recruit (kg)",NA,"Yield",2025-09-28 13:42:19.880083,"StartTime: Fri May 10 14:43:52 2019"
"data_plot.png","Data presence by year for each fleet and data type.",NA,"Data",2025-09-28 13:42:19.880083,"StartTime: Fri May 10 14:43:52 2019"
"data_plot2.png","Data presence by year for each fleet, where circle area is <br>  relative within a data type. Circles are proportional to <br>  total catch for catches; to precision for indices, discards, and <br>  mean body weight observations; and to total sample size for <br> compositions and mean weight- or length-at-age observations. <br> Observations excluded from the likelihood have <br> equal size for all years. <br> Note that since the circles are are scaled relative <br>  to maximum within each type, the scaling within separate plots <br>  should not be compared.",NA,"Data",2025-09-28 13:42:19.880083,"StartTime: Fri May 10 14:43:52 2019"
