"Year","area","season","Eff","Units","OCat","OEff","OUnit","CPUE","CPse","Out","Pos","OCatS","OEffS","Cov","PFrac","EFrac","UFrac","Cat","Cse"
2011,"N","1",9961.296,203,46,445.791,9,0.0799699857084279,0.0210762124283179,0,7,5.06074215022966,29.2308157771897,131.268083333333,0.777777777777778,0.044752309338062,0.0443349753694581,1027.87991682201,180.880763719328
2011,"N","2",4672.777,79,17,194.514,4,0.0981862220814698,0.0308825751303199,0,4,1.70782512765993,16.4272617620832,-4.8495,1,0.0416270667314105,0.0506329113924051,408.388131445551,112.990058215805
2011,"N","3",4871.987,98,13,231.984,4,0.0543829465571675,0.0202101676553137,0,3,2.75378527364305,33.2054173893357,65.324,0.75,0.0476158906006933,0.0408163265306122,273.018100386234,79.3897505903625
2011,"N","4",5130.913,96,12,118.832,4,0.17585532318419,0.0612235900019905,0,4,1.4142135623731,25.6297539590219,29.856,1,0.023160010703748,0.0416666666666667,518.134475562138,138.102261251569
2011,"S","1",6758.789,132,38,440.93,6,0.0915909158531605,0.0518146979769272,0,5,13.0792456459334,79.2279705802608,1002.78186666667,0.833333333333333,0.0652380182307807,0.0454545454545455,582.482439389472,245.659173167378
2011,"S","2",6534.122,131,42,616.544,7,0.107378935507938,0.0538878135142152,0,6,5.44671154612273,92.2745175905647,192.417333333333,0.857142857142857,0.0943575892828447,0.0534351145038168,445.115229407796,178.812315966168
2011,"S","3",6032.998,145,2,524.601,10,0.0029849005137552,0.00254817517860235,0,2,0.421637021355784,66.5432514391955,18.8422,0.2,0.0869552749727416,0.0689655172413793,23.0003297744381,11.0111989765229
2011,"S","4",10308.709,212,21,423.3,9,0.0855258226648344,0.0416317383929164,0,6,2.64575131106459,18.4834466482851,9.3375,0.666666666666667,0.0410623677513838,0.0424528301886792,511.417172218285,187.989380363538
2012,"N","1",10067.092,191,33,352.982,9,0.0762423885884709,0.0184317848166375,0,7,2.91547594742265,19.0230539725998,43.9865833333333,0.777777777777778,0.0350629556181666,0.0471204188481675,941.164240669496,154.869682793741
2012,"N","2",6055.094,102,28,265.472,5,0.111467229687961,0.0444706241772477,0,4,3.36154726279432,37.6415512539003,74.7972,0.8,0.0438427545468328,0.0490196078431373,638.646004098361,167.072214146254
2012,"N","3",3619.934,86,18,210.95,5,0.123854189850524,0.0564111286930228,0,5,2.07364413533277,21.3488149554021,-26.7725,1,0.0582745431270294,0.0581395348837209,308.882730504859,130.003143532097
2012,"N","4",5209.227,93,3,168.492,4,0.0161998572364726,0.00965073265184747,0,2,0.957427107756338,6.84175679193583,5.301,0.5,0.0323449141302539,0.043010752688172,92.7502848799943,52.1308990669104
2012,"S","1",6484.383,128,4,94.56,3,0.0254841997961264,0.0254841997961264,0,1,2.3094010767585,25.4652704678352,41.6,0.333333333333333,0.0145827289967295,0.0234375,274.297081218274,202.423627485238
2012,"S","2",6376.634,124,15,694.792,11,0.0323043545443111,0.0115859404967343,0,7,1.56669890360128,58.0822051397062,23.7232363636364,0.636363636363636,0.108959052691436,0.0887096774193548,137.666395122569,50.3512370538161
2012,"S","3",6607.874,132,4,292.02,2,0.0232850313656597,0.0149412683285299,0,2,0,132.497668658735,0,1,0.0441927312778664,0.0151515151515152,90.5126224231217,57.6374152222331
2012,"S","4",11350.643,223,22,777.432,16,0.0284815238902197,0.00676606659409085,0,12,1.25830573921179,9.92349098519938,0.615933333333334,0.75,0.0684923312274027,0.0717488789237668,321.203842908447,71.7775953329703
2013,"N","1",9568.231,178,18,212.424,5,0.110533688657292,0.0435134656417369,0,5,1.51657508881031,14.6676172298025,-13.5516,1,0.0222009690192471,0.0280898876404494,810.7754208564,246.069997617055
2013,"N","2",5121.043,72,45,238.47,2,0.17583481802926,0.0229296192525018,0,2,20.5060966544099,94.6321005261957,1940.535,1,0.0465666857317933,0.0277777777777778,966.356082526104,79.3160908216835
2013,"N","3",2772.296,65,12,218.602,4,0.119834635833002,0.0784765116131618,0,3,2.58198889747161,47.1545644414904,90.7593333333333,0.75,0.0788523303427917,0.0615384615384615,152.183200519666,45.3250597710072
2013,"N","4",2411.081,53,6,124.988,5,0.0243712221958911,0.0159573753664319,0,2,1.6431676725155,28.6778474227059,43.3056,0.4,0.0518389884039566,0.0943396226415094,115.742999327935,27.1512882118695
2013,"S","1",6807.194,155,3,236.988,6,0.0117227626213929,0.00847213112037821,0,2,0.836660026534076,18.7172671082079,2.3412,0.333333333333333,0.0348143449415427,0.0387096774193548,86.1713757658616,57.5863359629726
2013,"S","2",5111.336,116,4,227.19,6,0.019856830891079,0.0133034700080952,0,2,1.211060141639,16.8523799506183,-2.086,0.333333333333333,0.044448261667791,0.0517241379310345,89.9922707865663,68.4756843168869
2013,"S","3",7597.763,144,4,389.266,10,0.00805937208975978,0.0059517125819148,0,2,0.966091783079296,17.6023378257927,4.90462222222222,0.2,0.0512342909353714,0.0694444444444444,78.0727112051913,55.3836876860357
2013,"S","4",7839.511,137,3,229.374,6,0.0095565749235474,0.00652838351551962,0,2,0.836660026534076,20.8339574253189,8.4546,0.333333333333333,0.0292587126926667,0.0437956204379562,102.533560909257,60.8828607020805
2014,"N","1",8711.589,165,14,245.28,5,0.0544780569380318,0.0168821244208129,0,4,1.92353840616713,5.58316039533166,8.214,0.8,0.0281555982496419,0.0303030303030303,497.236815068493,132.347514819777
2014,"N","2",3511.391,54,22,361.358,5,0.0642594715912491,0.0083655432638222,0,5,2.88097205817759,55.7204918571256,150.4877,1,0.102910214214253,0.0925925925925926,213.778585225732,25.2157096834453
2014,"N","3",2980.069,54,17,246.24,2,0.114454732510288,0.0784465020576132,0,2,2.12132034355964,100.805142725954,-213.84,1,0.0826289592623527,0.037037037037037,205.739006660169,152.513656924121
2014,"N","4",3776.185,67,5,173.005,2,0.0383083052405762,0.0383083052405762,0,1,3.53553390593274,30.0414315987105,-106.2125,0.5,0.0458147574867227,0.0298507462686567,109.135140602873,133.891299169466
2014,"S","1",4790.748,90,9,257.623,5,0.0248938374813044,0.0204532288704901,0,2,3.4928498393146,15.0120431920508,49.01565,0.4,0.0537751098575838,0.0555555555555556,167.36367482717,121.569414261566
2014,"S","2",7603.913,152,1,170.334,6,0.0031855249745158,0.0031855249745158,0,1,0.408248290463863,14.9397030090963,4.7862,0.166666666666667,0.0224008349385376,0.0394736842105263,44.6411931851539,36.8386927446329
2014,"S","3",8174.125,167,1,394.92,12,0.00212368331634387,0.00212368331634387,0,1,0.288675134594813,19.8694837010289,0.575454545454546,0.0833333333333333,0.0483134280427569,0.0718562874251497,20.6981793781019,19.8948039799672
2014,"S","4",6054.093,118,4,389.596,8,0.00637484620175555,0.00417331889833415,0,2,1.0690449676497,29.810419017518,28.2374285714286,0.25,0.0643524967323759,0.0677966101694915,62.1576504892247,34.3889892998362
2015,"N","1",6133.232,122,23,558.371,9,0.034716475657676,0.0114902030051026,0,6,3.24465372232196,32.4602929506874,91.7752361111111,0.666666666666667,0.0910402541433293,0.0737704918032787,252.635498620093,69.1539855914402
2015,"N","2",2528.066,40,NA,0,0,NA,NA,NA,NA,NA,NA,NA,NA,0,0,NA,NA
2015,"N","3",3709.502,71,6,118.8,3,0.0385802469135802,0.029466150301928,0,2,2.64575131106459,21.2003018846431,36.72,0.666666666666667,0.0320258622316419,0.0422535211267606,187.348585858586,111.492892811747
2015,"N","4",4172.063,87,0,51,1,0,NA,0,0,NA,NA,NA,0,0.0122241682352352,0.0114942528735632,0,NA
2015,"S","1",5359.681,111,19,376.47,7,0.0434033083070866,0.0157838047024658,0,5,3.45032779671177,16.6500694979245,49.6521428571429,0.714285714285714,0.0702411206935637,0.0630630630630631,270.496823120036,100.506502776775
2015,"S","2",6654.544,165,2,241.2,6,0.0113378684807256,0.0113378684807256,0,1,0.816496580927726,18.7109208752536,-4.32,0.166666666666667,0.0362459095619474,0.0363636363636364,55.17864013267,57.9240380961046
2015,"S","3",6267.142,125,0,140.542,5,0,0,0,0,0,19.4561531860746,0,0,0.0224252139172848,0.04,0,0
2015,"S","4",5651.839,115,2,274.632,6,0.009101499927188,0.009101499927188,0,1,0.816496580927726,42.2509306311707,-3.6592,0.166666666666667,0.0485916177017781,0.0521739130434783,41.159362346704,44.2955969825938
2016,"N","1",8399.06,166,28,459.248,10,0.0495138665423286,0.0159953461490678,0,8,2.78088714861523,24.4990372454828,41.0481777777778,0.8,0.0546784997368753,0.0602409638554217,512.084276904853,124.85110513841
2016,"N","2",2731.763,44,NA,0,0,NA,NA,NA,NA,NA,NA,NA,NA,0,0,NA,NA
2016,"N","3",4289.084,87,26,279.664,5,0.0834163499433102,0.0392843052814139,0,5,6.37965516309463,8.95239963361779,52.5728,1,0.0652036658643197,0.0574712643678161,398.750586417987,187.207734188866
2016,"N","4",3949.416,89,6,134.115,4,0.0334480122324159,0.0197013839144575,0,2,1.73205080756888,16.7825238343343,24.5025,0.5,0.0339581852101678,0.0449438202247191,176.687887260933,67.4021204671725
2016,"S","1",2142.437,39,7,97.118,3,0.248527725661872,0.191599338445211,0,2,2.51661147842358,25.8282883934134,-6.10633333333333,0.666666666666667,0.0453306211571215,0.0769230769230769,154.421003315554,119.966108502057
2016,"S","2",5633.709,132,3,94.728,3,0.0615460364352536,0.0615460364352536,0,1,1.73205080756888,13.2744373892079,-22.992,0.333333333333333,0.0168145000034613,0.0227272727272727,178.417437294147,219.188150412138
2016,"S","3",5456.9,122,6,487.713,8,0.0136687054424135,0.00736419268357735,0,3,1.16496474502144,42.1800472140815,-5.11167857142857,0.375,0.0893754695889608,0.0655737704918033,67.132514409089,40.4938436394887
2016,"S","4",5624.518,104,3,318.744,6,0.00961556612677917,0.00430029282492534,0,3,0.547722557505166,33.5853010705576,-0.6744,0.5,0.0566704560284099,0.0576923076923077,52.9376364731571,26.9518295016495
2017,"N","1",8469.308,159,36,660.18,11,0.047925415675584,0.00932904581837452,0,10,4.05193556441632,28.2202888974324,103.003090909091,0.909090909090909,0.0779496978973961,0.0691823899371069,461.83629919113,112.814318150072
2017,"N","2",2395.094,50,28,163.26,3,0.153203484371956,0.11312665097868,0,3,12.7017059221718,7.98973716714136,97.13,1,0.0681643392701915,0.06,410.77197108906,280.77758781236
2017,"N","3",4120.987,62,0,2.76,1,0,NA,0,0,NA,NA,NA,0,0.000669742467035203,0.0161290322580645,0,NA
2017,"N","4",5326.751,113,18,201.072,5,0.0909710602962137,0.0847251984228135,0,2,7.50333259292163,23.5340459080032,-2.88479999999999,0.4,0.037747587600772,0.0442477876106195,476.851665075197,453.251415294375
2017,"S","1",4982.75,81,0,28.82,1,0,NA,0,0,NA,NA,NA,0,0.00578395464352014,0.0123456790123457,0,NA
2017,"S","2",7510.607,161,4,551.122,12,0.00592326655793173,0.00447616726723524,0,2,0.887625364598595,19.0960201557256,3.80024242424242,0.166666666666667,0.0733791556394843,0.0745341614906832,54.5113931216682,39.3808578258932
2017,"S","3",5164.7,116,2,146.812,4,0.0112636190339459,0.00661707604090465,0,2,0.577350269189626,21.7323521353151,5.658,0.5,0.0284260460433326,0.0344827586206897,70.3580088821077,35.7115074934109
2017,"S","4",5027.27,108,2,253.416,6,0.00742721330956625,0.00742721330956625,0,1,0.816496580927726,9.52259292419875,1.0576,0.166666666666667,0.0504082732775443,0.0555555555555556,39.6760267702118,38.2374153447441
2018,"N","1",8803.413,180,41,644.36,11,0.0516539471152799,0.0102608387952491,0,11,5.60519239796297,52.113222471496,283.879454545455,1,0.07319433951355,0.0611111111111111,560.152605686262,110.094486285937
2018,"N","2",1920.563,40,3,96.38,3,0.0234388089522745,0.0149385116299496,0,2,1,24.4100170695011,17.03,0.666666666666667,0.0501832014883136,0.075,59.7809607802449,23.8710361889528
2018,"N","3",3703.117,68,8,138.016,5,0.0630328248008483,0.0262823570155031,0,4,1.14017542509914,22.7050199559481,14.0686,0.8,0.0372702239761801,0.0735294117647059,214.648562485509,68.3558489934828
2018,"N","4",5300.362,112,21,331.448,6,0.0564123361268362,0.012722997527506,0,5,4.76445169982864,45.204257262637,201.1136,0.833333333333333,0.0625330873627122,0.0535714285714286,335.822216456277,88.7046402012535
2018,"S","1",3681.585,79,2,57.923,2,0.0841371853153354,0.0646059353153354,0,2,0,31.4499883068341,0,1,0.0157331692735602,0.0253164556962025,127.119969614833,96.3673765879148
2018,"S","2",8383.684,180,10,429.616,11,0.0179679144385027,0.00865040184719228,0,4,1.44599761096244,18.9897864758928,11.544,0.363636363636364,0.0512442978528294,0.0611111111111111,195.14366317828,82.9349758631153
2018,"S","3",7771.29,145,2,197.52,5,0.0102290746403896,0.00657151413036327,0,2,0.547722557505166,12.5694945005756,1.056,0.4,0.0254166296715217,0.0344827586206897,78.6886391251519,46.9375670297366
2018,"S","4",5280.046,125,2,95.92,3,0.0380952380952381,0.0380952380952381,0,1,1.15470053837925,12.5343102456152,-14.4733333333333,0.333333333333333,0.0181665083978435,0.024,110.092702251877,133.380521110602
